gene,sequence,activity
Actbl2,TAGGCCACCCGAGGCCACTCGTTATTTTCTTTCATTAAAACAGCTTCTATCGTGATGACATCTTCTAATAATGAGAAAGAAAAACTTAAAAAAAATAAATACAGTATCAGGCCCTTCCTATGAGTAATATATCAAAACTGGAAAGTCAAGGCTAAGCGCCGTCAGAGTGCGCGCTTAAGAGGAGCAGTCCACGGAGCAGGAGCACAGACTCCATCTCTAGTTCTCTCTCACATTCCCTCTGCATCACATAGAAATCTAGAGACCTCACCAAGCAGACCCGGAAGCAGTGTGTGGGTTGCCTAATTACAGCACCCTGAGATTTAGCCACTTGGTAGCCAGTTTTCTCTTTATGAAAGAGGCCTACTAATGATTTCTGTAATTATCATCATTATTAGCACCTCAAAGGTAGCCCCGCCCAGAAATGCTGGGAACTGGTGGGGTAGGACATGGGTGGAGTCGGAGTCTTCCTTTAAATACCTGTGCTCGAGGTCCAGGCTCTCTTCTCTGAGGGCAGTTCTGAAGTGTTCTGAGTACCCATTCTCTGTCTCGCACATCATAGTCTAGAACTCACCTCTATTGAACTTTTGTTCACCCATCTGG,0.0
Lactbl1,TGGACCAGATTGGGAGTTTGATACCAGAGCCAAGTCATGAGTGCCAGCCTTGGCAGAGCCAGCCCCTCCTAGGGGCAGGTCACGGGCTTCTGCCTTAGAAGCACTCTCCTACTTAATTAGCTGTAGTCATTATTGTCCTCATTTACAAAGAAACCGAGAGAGTCTCACTTCCAGGTAACAGTGGCTCTCCTGGGCACTTAATAGAAAGGCTCACACCTGTGTTCTCAGAGGTGACTGGTGAACTGGTTTGAGCTTGGAAAAGGGTTCTAAGGGCCTGAGGGTCAGATCCTGGTAGCTGTCTTTTGTCACCTCTTTTCCTGAGTTTCTTCATGCCCCCGGACTATAGCTTCTGTGGTCACATGGCATAGATGTCCGGCACTCTGATACATCTGCCCAGCTTCCCTGCTGCCAGGGCTCCTGGGAAGCTAATCCTCTAGGCAGAGGACAGCGAGGGATTAGAGCTGGAGAAATGAGGGCCACATCTGTCACGGCTGCTGGCAGTTTGGGCAAAGCTCATGCTGAGCGTTCAGGAAGACCCTTGAAACACAGGGATCCCGGTTGAAAGAGCTGAATTGTGGATTCCATTAGATCCTTCTGGAA,27.75
Lactb,GTGTTGCTGTGACAGGAGACTTGTCTAAGGATATCATGTGTGTTGTGAGAGAGAAGAAGCATGGAAAAGGAGAGAGATGAGGAGGAGAAAAGGAAAAGAGAGGCTTGAGGGACAGGTAGAAACTAAAGTGGGAAGGAGAAAGAGGAGAGAATCAGAAATAAAGAGAGGGAAAGAGAAAAGAGGATAGAGGGAGGAATGTGGGATGCGAGAGAAAAAGAAAACAAGAGAGGGAGGTTAGAGCTAAAGGGAGAGAAGAGAGAGGAAAAGGAGAAGATAAAAGAAGGAAGAAAGATATGAAAAAGAGGGAGGGAAAAGAAAGCAAGAAAAGGAGGGGTGGAACCAAAGAGGATTAGTAGCCAGAAGGCTAGAAAGGAGACGAGGACCAGGCGCTCGATGCGCTCGTCGCTCACCCACCCGGCCTTGACTGAGAGGTACTGTAAAGCCCCGCCTCAGCCCCGCCCCCTCGTCCCGCCCGCCGCGGGCCAAGCCGGAGCAAGCTAGGAGGCAGCCGGCTCTGCGGAGGCAACATGTACCGGCTCCTGTCAAGCGTGACAGCTCGGGCTGCGGCCACCGCAGGCCCAGCCTGGGACGGAGGGCGGC,0.0
Lactb2,TGTTGAGGATTAAAAAGTAATGTTCGGAGGTGGCCCTTGGCTAGACGCACACAGGTACAAGTAAGCATTGGTTGCCATCATTTATTGTAAAAGGTAAGCTATTCTTCAAATCACCAGCCTGCCATTCCTTCCTAAGTTGGTGACTCAGTAAATACTCCCCATACCTGCCTAGCTTGTGACCTTCCCTCCCCCACTTCTGGAGGTTAACTTCAATGAAGTAACTGCATTCTTCTTTATGGATATGTAAAGCTACTTGGAAACAAGGCTCAGAGACACAAGAAGCTCAGCGACGGAGCCGGCTGAGGCCAGTGCGGGCGGGTCAGGCCACCTCATGCCACAGTCACCGCGAACTCATCCCTCCACCCCACCCCCGTCACTTGGCTGACGGGCGTGCCAGCAAGTCGTAAGATAGTGGCCGCCAATCCGCTCCGGGCCACTGAGCGAAGTCCCACGTGATCCGCGCCGGGCCTGACGTCACGAGACCGCCGCCCTGCCCTCCGAGCCTGAGGTCGCAGCACGCTGAGTGACTTGGAATTCGGGTGCCGGCGGTCACCGAGGTAGATAGAGAGATGGCTGCCGCTCTGCAGCGCATCGAGCAGC,-125.7
Actb,AGTGACTCTCTGTCCATTCAATCCAGGCCCCGCGTGTCCCTCAAACAAGAGGCCACACAAATAGGGTCCGGGCCTCGATGCTGACCCTCATCCACTTAAGTGCTCGATATCCACGTGACATCCACACCCAGAGGGTCCTGGGGTGGTTGGGTGACCCCCAGAATGCAGGCCTAGTAACCGAGACATTGAATGGGGCAGTGTCCACAAGGGCGGAGGCTATTCCTGTACATCTGGGCCTACGGAGCCAGCACCCATCGCCAAAACTCTTCATCCTCTTCCTCAATCTCGCTTTCTCTCTCGCTTTTTTTTTTTTTCTTCTTCTTTTTTTTTTTTTTTTTCAAAAGGAGGGGAGAGGGGGTAAAAAAATGCTGCACTGTGCGGCGAGGCCGGTGAGTGAGCGACGCGGAGCCAATCAGCGCCCGCCGTTCCGAAAGTTGCCTTTTATGGCTCGAGTGGCCGCTGTGGCGTCCTATAAAACCCGGCGGCGCAACGCGCAGCCACTGTCGAGTCGCGTCCACCCGCGAGCACAGCTTCTTTGCAGCTCCTTCGTTGCCGGTCCACACCCGCCACCAGGTAAGCAGGGACGCCGGGCCCAGCGGG,-4.285714285714286
Gapdhs,CATAGTGGAAGGCTGAGCGGCATGACCTTGTGCAGTTCTGATGCAGGCAGCGACAGCTGCTGAGTCTCCTCCCACATCGCAGGCTTTTATAGACCATATTTCTGCCTCCCCTTCTGCCATGATAAGGACCACTTCAGTTACAGACAGCACTTGAGAGGATCCCAAGCCATCAAGGGGAGACCTGGGAGAGGCTTTCTCAGCATTTCCACACACAGGGGAGAGCAAGGGAAATGCCTCAGAGATCCAGGAACAGCATAGAGCAGGTGGACCATGGTTGGGAGGAAGAGAGATGGCAGCCATGAGCTTCTGTGTGAACCTAGTGGGTTCCACTCTAGATGCCAGAGGGTGGCCTTGAAATCCTCAGTGTGGGACTCTCAAAAGCTTCTGGAGAGTGGGCTGAGGTCTTTGCCCTGCACACCACTCTCTATGTGATGTCATTGATCAATGTGACATCATCAGAAGCTCAAGAGCCACTGGGACCTTGGGAGCTTCACACCTCAGTAACACCACGGAGGGGGGCCAAGGCAGCCAGGCCATGAGATCTTAGGCCATGTCGAGACGTGACGTGGTCCTTACCAATGTTACTGTTGTCCAGCTACG,-282.75
Gapdh,ATCCTCAACTTTTCCGCAGCCTTTTCAATAATGGGGAGAGGTTCGATGATGCAGTGGCAGGGAGACCCACACTTCTCCATTTCCCCTGTTCTCCCATTTTACTCGGGAAGCAGCATTCAGGTCTCTGGGTCCTGGATGTCCTTGGTGCACACTCCAAGGACTCCTCGTCCTTAAGTTCATAGTCTGTATTCCCTGAGTCCTATCCTGGGAACCATCACCCGGTCACCTCCTGAGCGGGGCAATCTCAGCTCCCCTCCCCCTATCAGTTCGGAGCCCACACGCTTGGTGCGTGCACATTTCAAAAATGAGGCGGGTCCAAAGAGAGGGAGGAGGGGAAATGAGAGAGGCCCAGCTACTCGCGGCTTTACGGGTGCACGTAGCTCAGGCCTCTGCGCCCTTGAGCTAGGACTGGATAAGCAGGGCGGGAGGCGGGGCGCGCGTCATCAGCTCCCCCCCACCATCCGGGTTCCTATAAATACGGACTGCAGCCCTCCCTGGTGCTCTCTGCTCCTCCCTGTTCCAGAGACGGCCGCATCTTCTTGTGCAGTGCCAGGTGAAAATCGCGGAGTGGGCCGCAGGAGGCCGGGGACAGTCGGAAAC,-68.45454545454545
Gapdhs,GGCTGGGAACCAGGTCCACTGTGAGGTCTGCAGTACAGCTGTCCTATCATGTTCAGGAGAAACTTTTTTGTTGCTGTCCTACCAGACCTGTGGATCTTACAATATTTCCTTCCTCTCCTACACCTTGGTGAGAAGAGCTACTGTTAAATCTAGAAAAACCAGGCAGCCAAGGGGAGATCTGCAAGGGGCTTTCTCAGCATTTCCACACACAGGGGAGTAAAGGGAAACTCCTCAGAGATCCAGGAACAGCAAGGAGCAGGTGGACTGAGGGGGGAGGAAGAGAGATGGCAGCCATGAGCTTCTGTGTGAACCTAGTGGGTTCCACTCTAGATACCAGAAGGTGGCCTTGAAATCCTATGTAGGACTCTCTAAGGACTCTAGAGCTGGGGAGGGGAGGCTAAGGCTCCTCCCTGCACACCACTCCCTCTGTGATGTCACTGGGCAATGTGACATCATCAGAAGCTCAAGAGCCACTGGGACCTTGGGAGCTTCACACCTCAGTAACACCACGGAGGGGGGCCAAGGCAGCCAGGCCATGAGATCTTAGGCCATGTCGAGACGTGACGTGGTCCTTACCAATGTTACTGTTGTCCAGCTACG,-282.75
Gapdh,CAAGACTAGATTTGGGGTGCAGCCCAGCGTGCTCCCTGCCTTTTAAGCAAAGGTTATCACCAGGCCAGCTAAACTTAGCAATAGGCTCTTGAGCTAGATGAGCAGGGGGCTGGTTTCATGTTGCACTGGCCTAGCAAAGAGGCGCCAGAGTCCCCCTGCCCTGCACCTGCTACAGTGCTCCCAAGCCCTTCCACCCTTCCCAGCCTCCCTACCCTTCGGAGTGAAGAATCCCGGTCTCGAAAAGACAAAATAAAACCAAAGAATGCCTTTTCTCCCTTCCACTTGTGGCAAGAGGCTAGGGGCTTCCCTGTCCTGGCTCAGGGGTATAATATTTCCTCTCCTGTGTTCTCCCCTCACTGATCTCACCCTGTGTCCACGAGGGCAGCCAAAAAAGGAGAGTCCCTGGCTCCAGGGCCAGTCAGCACGTCCCTGGATGGGGAGGGACTTCCGCCCTCACGTCCCAACTCTCCACCCTGGGGCTACAGTGGGTGAAAGGGGCAGTGTCTCCTAGCCTGGGCGGGGCAGCTCTCAGGTTCCGAGGAGGGATACTATAGGAGGCCTCTGAGCCTCCTCCAATTCAACCCTTAAGAGGGATGCTGC,-68.45454545454545
Cttnbp2,GCCAGCCCAAGCAACCATCAGCATGTCTTTGTGCTATGATGGTTCTCGTGTGCAATTGGATCTGTGAGCTTAAGTATAGAGTTGTGTGGCAGCGAGAGACAGAGATGTGCTTTCTATCTGGGATACTCACTGTAACACAGGATAGTTAAATGGCGCTCTCTTGTCTTTTTTTTGTTTTCTTGCCAGCCAGCTACATTGAGAGACATAGATAAAGAGGAATGGGGTAAGACAAGTAGACTCCCTCCTCCAAAGTCCTGTTGTCTTCCCAAAAGCTCCCCAAAGCATCATCTCACTGATATACACACATAAAAAAATGTCCTCAAGTGAATTGAGTATCTTTCCAGTCTGGCAGGTTTGGGGCAGATGTTAGTTCCTTGTCCCATGCTAATGTGTTAGGATTCTTGTGTTGTACAGGAATATTAATGATGGCTAAGGCAACCTTAGAGCAGATCAGACACTTTTAGTTACTGCCAAGCGTGAAGCAGGGACAGGTACCCAGGTCCCTTTCTCTTCCTGCAGTGAAGTTCAGCAACTGCTACAATAACCCTCCCACACAGAAGTGCAGCAGCATCTCCTGCACGTCCATGGAGCTTGCAGGGT,-24.428571428571427
Cttnbp2,CGATAAAACAAAGCCGGGTGTACAAACCAAGAGGATAGACGTGTCCAGGCGACAGGGGCTGGCAAATATTAAGGAAGGCACCTCATTGGAGCTAGTGGAAGTGAGGGACAGTTGCTCAATTTTAGATTTATTTCACATCCAGGAGTCTGGCCTCCAGATCGGCTTGTGCCCCACTGTCTAAGCAAAGATTTTGGCCAGCCCGTCGCCTCGAGGGAGGAAGCTTGCTTTCTTTTGCATCCCCCGGTGTTTGGTCCCCTCGACACCAGCGCGAGGCCGCGCATCTCTGGTGCTGGTTCTTGGTCCCGTGGGAGCGACTGGGCTAGCGGGTGGGCGGGGCGCCGCGTCTCCAGCGCGCACAGGGTTAAGCGGCAGGGGCGGCGCGGAGAGGCGGGAGGGGGCGGCCGAGCTCCCGGGCTGAGAGCGCGGCGGCCACAGCCAGCAGCGGGTTAAGTACCGCCCGCGCCGAGAGAGCTGAACCCCGCCGCCGCTCCGAGCTCGCATTCGGATCCGCTAGAGCAGGAAGATGGCGACGGACAGCGCGAGCTGCGAGCCCGACTTGTCCCGCACCCCGGGTGACACGGAGGGGGCCACGGCGGAGGC,-24.428571428571427
Rttn,AGAAAAGCATGGAAAATGCACTTGGAAAGCATTCGAATAGAATCTTCCCGTTCCTTTTTTCTTCTTTTCTCTTTTCTCTTGTTTCTCCCTTCGCACCCCCCCCCCCCCCCCCCCCCACACACACACACACACACACACACACATTCTTGCTTCTGCTTGAGGTCAGGTATCCTAGGCGCTGAACTTTGCAGTTACATTTTACAGCTTGAATCATTTAATAATCAGGAAGAGAGTGGGAAGATCAACTACACAAAACAAAACCCAAGCTCTAGAAGCTAAACATTCAGATTGGCACGATCGGAATAAATCCCACCCAGAGCCTTGGGCTGTTGCCAGGTCCTAAGAGCCCGCTTCACAGCCCGCGTCTGAAAGCAGGAACTCAGTACCAAGGAGCGAAGGGGCGTGTACGGAAATTCTGTAGGCAGCGGGCCTGAGCCAGGACTACAACTCCCGACATGCACTTGGGCGGAAGATGGTTCTACCTCTTCTTGACTCCTTTATTCCTTAGGCTTTTTAGGATGGAGATTGAGGTTAAGGAATGAGCCGTAGAAACATAGAGATGTCGTAAGCTTGTGTGGTGACGGAAGCATTGGGAACATT,84.2
Cttn,ATTTATGAGCCAAATAAGCAGTTTTCTCCCCAAGCTGTATTTGATCAGTTCTTTTTGTTTTGTTTTGTTTTGTTTGTTTTTCGAGACAGGGTTCAGTTTTTTGATCACAATAGGAAGCAGATAGATGGAAGAATGGATGAACAGATGTATGGCTAGATGAGTGGGTGTATGGGTAGATGGGCAGAAGGACAGATTGGTGGATTGGTGGGTAGAAGATTGACAGGGGAGTGAATGATGCTGTGTAGATCCATGCGTGGGTAGAGAGTTGCAGGGTGGATACATGGTTGGAAGCTGGGTTGAGGGTGAATGTGTGTTGGACAGGGCTTGACGGGTGTTTCTAAATCGGATCTCCGCAGCTGACTGGCGGCCGAGCTGCCTATGAGTCCTGGAACTGTGTATCCTGCTTTCTTGATCAGCTAACAGGAATACGGGGCGGGGACGGCCTGGAATAGGGCGGGATCTTGCGTGGCCCCGGATGCGGCCCCGCCTCCGCGGAACCGGAAGTGAGCGGGCACAGGGAGCGGCGGGGCGCGGCGGGAGCCTGGTGGACCCTGCTGGTGCGGTGAGCGGGGGATGGGCGTCCTAGAGAGCTGCTGGGGG,17.0
Cttnbp2nl,GGTATGACGGGGCCCAAACATATAAAATAGCCCCCCACATACATGAATGGCAAGCACAGTGTGGGGAAACACCAGGTAAGTTTGCAGCTATTTGGCTTTGCCCTGAAAGGCAAGTCGGTAGGGGTTATGCTCTCTACCAGGTGCTTCCACCCCAGCGTCTCCCTTTGTGTACATAGTGTGATGTGGTAAAGAAGATGGTCTTGCGCCCTTGCTTTCCAGCACCACACCCAAGGGGGAGAGAGAGAGAGAGAGAGGGAGAGAGAGAGAGAGAGAGAGGGGGGGGGGGCAAAGAAGACACGTTACTAGGTTTTCAATACTAATTCGAAAACAAACGCTAAAACTCACTTCTTTTATTCACATTTTAGATAAACCCTCAATTAAGCCACCACAAGGTGTTCCCAGGGTCCTGAAAAGTTGCAGAACCCGGGCGGAGACCAGAGCGAGCACAGACTCCAGCGGACCAGAGGAGGGTACTTCCTCCCGGAAGTGACGCCAGCTCAATCCCAGCCTGGCTCTCCCAAACAAAAGGGATCTTGCGGCCCCAGGAGGAGCCGGGATGACTTTGGAGAAGCCCCGCCTTCAGGCGGCGAGGATTGGTTT,15.75
Ttn,AATGCTACGTTTATCGAAACTGAGTCTTCAGAGAAGATGAAACCTATGTGTGATATAAATTACTTCATCAGCTGTCATGATTGACAGGCCCATTTGGTTGGGTTTAGAGGGTAGGGAACAGAAGTGGAGCCTGACTCACAGGGCACGGGGCTCAAGTTCAGGATTGTTTTAGATCTACAAATGTCCACAAGTTTTATCCTTTGTCACATTCTGGCCTCCGTTCCACCTGGGTAGAGTTTTCACGTTTGCAGCAACCACTCTTGTCTCTGAGTCCCAGTGAGGTCGATTTTAAAATACAATTCTATTTCCTCGGTAAAGCCTCTTCTGAAAGGCTAAATTTAGCACTGCCAATCAGAGGAACAGGTGGTCTGTGATACTCCCAAATAGGTCCTCTCCCATCATGCCTTCCTAACAGAGCCAATCACAGAGCCGGGCTGTAAGGATGTTGGGCTGTCAGCAGATCTGGGGAATATAAGGGCCGGCCAGCCCCTGGCTCTGGAGCAGTCGCGCATTCCCACCTCGCCTCGGGTGTAGGGATTGCATAGGAAACAAAACCACACAGTCAAGACTGTGTGGTTTTGTTTGGAGGGTTAGAGGCTC,-147.48611111111111
Cttnbp2nl,CACACCCAAGGGGGAGAGAGAGAGAGAGAGAGGGAGAGAGAGAGAGAGAGAGAGGGGGGGGGGGCAAAGAAGACACGTTACTAGGTTTTCAATACTAATTCGAAAACAAACGCTAAAACTCACTTCTTTTATTCACATTTTAGATAAACCCTCAATTAAGCCACCACAAGGTGTTCCCAGGGTCCTGAAAAGTTGCAGAACCCGGGCGGAGACCAGAGCGAGCACAGACTCCAGCGGACCAGAGGAGGGTACTTCCTCCCGGAAGTGACGCCAGCTCAATCCCAGCCTGGCTCTCCCAAACAAAAGGGATCTTGCGGCCCCAGGAGGAGCCGGGATGACTTTGGAGAAGCCCCGCCTTCAGGCGGCGAGGATTGGTTTCAGAGCCGCAAGGGTAAAGCTATGATTGGCGAGGGTATCTGCCTGTCACTGCCGCCGGCGGGTAAGGGGCGGGTCCTGGGAGGCTGGGGATGGGGAGCGGGCGGCGGAGGCGGCGGCGGGGAAGGATCCCGGAGCGCCGAGGCCAGGTACGGAGCGTGGGCTCGGGGCTCTGCGGTGCCGGGGGAGCCGGGTCTCCGAGAGAGCCTCCTGGCCCGGAGCGTG,15.75
Trp53inp2,GGCAAGGTCCGCTCAAGCCCACCGTAAAAAGGAGCGGGGAAAACAAAAAACATAGAGGAGGGAGAGCAGGCAAGTAGGGCAGTGTAGAGAAGTGGGGTAAAAGGACAAGGAGGGTAAAAGGGACTTACAGATGGAGCGCGGCGGGGGTGGGTGGGGTGGGTGTCCTGCACCTAAGATGCAGGAGAAGGGATGTGCGGAGCTCTGGGGCAAGTGAGGGAGCAGGGATGTGTGCGGAAAAAGCAGCGAGGTGGGATTCTTGAGGAAGAATTGGGGGGTCGCTTTCAGTGTGAGGTCTGTGGGTAACTGGGGGCAGGGAATTCGGGCCGTCACCTCCACTCAGACAGAGGCTCCGAGAGCAGCTCCCGGGCTACAGCCACCCGCTGGCAAACCGCGGAGGGGCGGGGAAAGAGCATTCGGCGCCTGTGATTGGCTGCCGTCCCGACGGCCGCTGACGCGAGCGGGCGGGCCCCTTTGTGACGTCACAATCAGCTGTTGAAGCGTTCGGATTTGTGCCCTGAGCCCGGGCGCAGCGGCCGCAGCAGCTCCGGGCGTCCGTTCGGGAGCCCCGCCGTCTCTCGGCCCGTCCCCGGTATGCGGCTC,-101.71428571428571
Wrap53,TGCACAGCAACGAAAACTTTATGGAGATTAAGAACTAGAAAACATTGCTATTTTTTTCCCAATGCCTTGTATAGTCCTGGGTTAGGCAGTAAGAACTTGATAATAAATGTCGAATGAATGAAGGGAGGGCGGGGGAGAAAGGGAAAGAGAGGAACAAGAAGGGGGGAGAGATGGGGAGAAAGGAAACCTGAGGTTACGGGATTCAAAACAAGATAGTCAAGAGGGGCAAAAACTGTAGAAATTATGCGCCCTCTGCAGGCCAGGGAGGATAGGCGCTTTAAGAATTACCCCCAGGGGACGGTAGGGGGCGCTCGTGTAGTTTTCGCCAAGGCCCAGAGTTCAGACTACAACTCCCAGAAACCTCTAGGAATTCTCCAGCGCTTGAGGTGTAGGCAAAGTCGTTCCTTCCCGCCTTCCCGCTCGGAATCGGAGGAGGATGCGGAGAGCCTATCGGAAGGTGGCCCGACTCCCGCGAGAGCAAGAAGCCCTGGCGGCGCCTAGCGACCCTAGGCGCTTGGCTTTGGACACTCGTTCCCTGGTGATTGCTTTAGGTTCGGCTTACATTTTCCGGAAGAGGAAAGCGGACTCCGGTCTCTGAGC,54.333333333333336
Trp53inp2,TGTGCAGAGCCTGAGTTGATGTCATTTTCAGCCTACAAATATTGAGGGTCTTAAGCCCCACTTCACGGAAGAGGAAACTGAGACTCAGAGAGACGTAGTTTACTGGAGATCTCAGCCAATTAGAATCACACTCACTAAGTGGTAGATTCCTTAGCTGAAGTATAAGCTACATGCTTACATACATCTACTGAGGACCCTATCTTGGGTTCAGCACCAACCACAATTTGATGGGATGCTTCAGTCTTCATGATCCTGGACATTTTCCCAGGAGGTCTCTGAAAATTGGGTCTCTTACAAGGCCCTGACCTCCTCTGCCTTCTTTCTACTTCAAAACCCAATAAATGGCCGTCTCCCAGCTGTTTTGACCACAGAAAGGTGAGTCACTAGTTGCCTGCCTCCAGGTGTCTCCAGGGCAGATGTTGTTGAGAGGGAGTTGGGAGTTCCCTCTGTGGGCCTCCCATCAGAGCTGTCAGCTGGGAGAACCAGACCCTTCCCTGGCATTAGTGATGCAGAGCTTATGCTGTTTCCTGAGGCTGCTTCCAGAGTGACAGAAGGATGTCTCTTACTTTCCAAGTAAGTAGATCTGGAGTCCTTCCCAGG,-101.71428571428571
Trp53inp1,CCTGACTTCTTTTAAAACAATGTCCAGCGGTGGGTTGCCTTCAGCATCGCGACTATTGGTTTCTCTCCACACTGACCAGAGGAGCAACTACTATCCCTAACCAGCCCCTCAGCAAAAGGGGGCTGAGTGCCTTGTACCCACACTCTGGGCTCCTCACTCAGCCGAAGCGGCTCCGGGGGTCGGGCTCTTCTCCTCTCGGTCCCGCCGGCTCCCACCACGGCCAGTCCCGGGCCGCTGTTCTTCCCCCTCCTCCCGCTCACCCGGAGTGTTCTCCGGCTCCCGCTTTGTTGCCCGGGCTTGTTTCTGCCCCGGGCGCGCCGCCGGCCCAGTGCCAGGTCACGTGCGTTAGTGACAACCTCTCGCAGGGCGGCCCCGGAGGCCCCCGCGCAGCCGATTGGTCGGCCTGCGGCTGGCGCGGCTCGGGGCGGGGCTGGGAAGCCGATCAGCTGTTCCCAGAGCTGCACAACAACAAAAGGACCCGGACGGGCCGGCGGCGGCCAGGGCAGCGACCGCAGCGCAGGAGCCCGGCCTGCCGCAGCTACCTCAGCACCCGCAGCTCTGCTCGGCTCACGTAAGTGCGGGCTACACAGGCGGGAGGGC,-209.5
Trp53i11,ACTCGAAGTTTTGTGAACTGGGACTAGTCCTATTGGACTGCTGGGAACGCTAAGGTTTTATTTTTGAAAGTGGTTTAGCAAACGATGAATTGTAAATTGCTTTTAACCGTGTTGTTTCACCCGTGGGGGACCCTAACAGTCATAGCAGGTGCCTTCCTTCCACCCTAGACACCGGCCTAGGCCTGAGAATGGATGTTTCATAAACCCGTAGGGGTATGTTTGCAGTCCGGGAGAAAGGGGCGCTGTCTTCAGAACTTCCGAGAAAGTCCTGGGTGGCACAGCGGCAGGTTGTCCCCGTCCGGGGATCCCCCTAGCCAAGCGAGGGTGCGCCCTCCGCAGGCGGCTCCCGGTAGGCCCTCCGTTTCAGCTCTGGGTCTCCCCCCCAACCCCTCTGTGCCCGCCCCGGCCACCTCGGGGGCGAGGCAGCCCAGCGCGTGGGAGGGGACGGCGCGCCATTGGCTTGTGCGCGGCACTAGAGGAGGGACCAGTGCGGGCCGCCAGACTCGGGCGAGCCCAGCAGCGCCAGGAGTCCAGCTTGCCCTGCCCTGCCCTGCCCTGCCTGCCTAGCGCGGCGCCGCGATGTGAGACTCCCCGGGCCGG,-67.66666666666667
Trp53,AGAACTTAGGGGCCCGTGTTGGTTCATCCCTGTACTTGGAAGGCCTAAAGCAGGAAGACGGCCGCGAATTCCAGGCCAGCCTTGGCTACAAAGACTCTGTCTTAAAAATCCAAAAAGATGGCTATGACTATCTAGCTGGATAGGAAAGAGCACAGAGCTCAGAACAGTGGCGGTCCACTTACGATAAAAACTTAATTCTTTCCACTCTTTATACTTGACACAGAGGCAGGAGTCCTCCGAATCGGTTTCCACCCATTTTGCCCTCACAGCTCTATATCTTAGACGACTTTTCACAAAGCGTTCCTGCTGAGGGCAACATCTCAGGGAGAATCCTGACTCTGCAAGTCCCCGCCTCCATTTCTTGCCCTCAACCCACGGAAGGACTTGCCCTTACTTGTTATGGCGACTATCCAGCTTTGTGCCAGGAGTCTCGCGGGGGTTGCTGGGATTGGGACTTTCCCCTCCCACGTGCTCACCCTGGCTAAAGTTCTGTAGCTTCAGTTCATTGGGACCATCCTGGCTGTAGGTAGCGACTACAGTTAGGGGGCACCTAGCATTCAGGCCCTCATCCTCCTCCTTCCCAGCAGGGTGTCACGCTTC,-16.0
Trp53bp1,GACATAGAGTGGGAAAACGGAAGCCTTTAAATTCAGGCAGAGGTCTACAAATGGGATCCTGATCGACACTGGCAAACCCCACAGAGGCTTCTCTTCCATTTCACCATTTCAGAAGTACTAGCTCTCCTCAATTCTCCTCCTCTTTGCCCTTTCTTTGAAAATCCAGGAGACTCTCCTTTTCCACGGAAGTCAGTGAAGGGGCCGAAGCCCTCAAGTGTGAGTAGTGAGTACCCCCGTCCTTCAGGCAGGGGTTTTTATTTCATGCCCTCTTAATGTCCCTTCGGTTCAAGGATACTGTCATGCTGGCTGTATTAGGGGGAGGGCCTGCGACGTCCATGCTACCATGGAAACACGCCGCCGTGTTCCTTTTCTTACGCTGGGGGCGGGCACTTCACCTCAGCCACCTATCATCCATAGGATTTCCTGAGTGGCAGACAACAGCAGCGAATGGGCGATCCGATATTGCGTGACGTGACGGGAAAAGGGGGAGCTCGCGGCCAGTGGCGGCGGTGGCGACAGTGGCGACCTGGGGATCGACCTGGAGGGGCCTGGGCAGCGTGCAGAAACCTCTAGATCCAGCGCGAGGCACCTCTCGCCGGG,-61.89473684210526
Trp53bp2,TTCTGTCAGGAACGTGCTCCGGCCCGGCGGACTCGCAGGTCTCCATCTTGTGGGGCGCTCGGATCCCTCAGGGCGCCCTGAGTCAGGTGTGTGAGGCGGCGCCGCCCAGGCCCCTCGGCGTCCGGCGCCTTGTGGCTGGTTCATGGTTCCTAAGGCAAAGGGCTCAACTCTCTTGAGCAACTCGGAACCGCCAAGGAGGTGAGGGACACAGCCCTGGGCTCCATCCCCGCGTTTTACGATTATTGTTCTCCTGCGGCGCCGCCCTCCCGTGCCTTGGCTCCGCCTGGAGGCGCGTTCAGGAGCAGCTCCGCCGCCTGCATCTTCCTCCCTCGGAGCAAAGGTTCCCGCCCCCTCTGGCACCGCCCCCAGCATCTGCGCATGCGCCTTCGCCGCCCGGTTGGCGCTCCGCTCCCCCTTACCTCAAGCCTTGGGGCGCGCCGCGGGCGGGGCTTCGTGGGGGGCGGGGCCAGCGCGCCTCGGTGGGGGCCCGGCCGGGATTAGTTGGTTTCGGCGAGAAGGAGGAGGAGGAGGTGGGAGTCGCGAGCGCCGAGACAAAGCCGCGTCCCGGAGACGGGCGAGGGGATTGGGCCCCGGACTCGG,31.1
Trp53i13,CAACGTGAAGGTGAAGCGCTAGAGCCGGGACCTTCTCTCTGGGACAGCTAGGATTTCATAATTCCGTGTTGAGCGGGTTTGCCAAAAGAGCACACAAGTCTCCACCTGGGTCACCCGGTCCTTAAGGATCTCACTTCCTGCCCTTTGCGGGGTTCCAAGATTCTACTCAGGCGATACAGTTGCGCTCTGATGGTCGCACAAACGCTCCGGGACGCATCTCGGCCGAGGGAGGTGGTTCCATGGGCTTGGAGACCAGGAGATCCTTGGCGACTAACTTTTCCGGCTTTGGGTTCAGGACGCGTGCGCCGGCCTGGAGGCGGGCAGGGGCGGGCCTGGCGGTAGGCGGGGCGGGGCGGGGGCGGGCCTGGCGGTAGGCGAGGCGGGGCGGGGCGGGGGCGGGCCTGGCGGTAGGGGGGGCGGGGCACGAGGCCGGGCGAGGAGGGAGCAAGGCAGTGCGCGAGCCGCGGTCTACGTGGGCGCGCGAGCGGCGCGGGGTCGCGGGCGCGCGCGAGCGAGTGGCGCTGCAGCTAGTTGGTTGGCGGGACTGCTGGCCCAGCTGAAATGGTTCATCCTCCTCCACCTCCGCCCCGGTTGCTTCTG,0.5
Trp53bp1,GGGTTTAACCTACATGGGCCATTGAGGGTGGCCAAGGCAGGAACTCAGACAATAGGAACCTGGCCGGCCGGAGACGGGCCCAGGCATGGAGGGCTCTACCTAGTGGCTTATTCCACGTGGCTTGCCTGGTCTCCAGTTGTTTTTGTTTTGTTTTTTGGTTTTTATTTTTGTTCCTGTGGTCTTGTTTTGTTTTGAGACAGTGTTTTCCTGTGTTGCGCTGGCCTTTCTAGAACTCCCTCTATAGATCAGGCTAGCCTCCAACTCAGATCTACCTGCCTCCTGAGTGCTGGTCCCACCACTGCCTGGCTCAGCCTGATAGAACCCAGGACCTCCAGCTGAGGGGTGTTAGCACCCACTGTGGGCAGAGCCCTCCCACAGCCATCACTAAGTACGGAAATGCCCTACAGCCAGATCTCATGGAGGCATGAGTGAGGTTCCATCCTCTGTGACGACTCTGTGACGTTAACTTAAAACAGGCAGCCAGGCAGTGTACATTGGTGAGTAAGCGAAGGCTGGCCACCTGTATAGGGAGACACTGTATCTAAACAAAGTAACAAAACCCTCAAAACTATTCCTGGGAACAGATGGTCTTTTGTTGCT,-61.89473684210526
Tubb4a,ATGCACCTGCCACCTTCAAACCAAACTCCACTGTGGAGAGCCTGGAGCTCAGAGTCACCGTTCTTCCCCACCTATACAAAGGTTCTAAGGAAGGGGGTCTCGAAGGAATGAAGAAGGGAGAAGCAGACAGAGAAATTGAGGCAGGGGCTGGGGCTGAGAGGGAGGACATTGTCCTAGATGCTATTTACAAGATTCCGAGGTGCCTTTCCATCCAGTCTCTATGAAATCAGAGTGGAAAGAAAGAATGGTGCCTGACAACGGAGCCTGAGGGGAAACTAGAGTGGGGATACACCGGGACCCTGAGGTCTCAGAGAAAGAGCTTGACGGAGGAGATCCCTACTTTTCCGAGGCCCCTCCCTCCATCCTCCTCCATTACTCCAGTCCCTCCATCCTTCACTGCAAGCATCCTAGGCGGGCCCAGGAGGCGGAGCACGCGGGTGACCCAGCGGTGACGTGAGTACTGCTCCGCAAATATAGAGACGCCCGGGGGCGCAGAGACAGAGCTCCGCAGCCATCTCGTCCAGAGCTAGAGCCACAGCGGCCGGTCGACACCCGTCCATCAGACGCCACCAGCAGCGCCACCACCATGCGGGAAATCGT,105.83333333333333
Tubb6,CATTGTTGGAAGGTTGCGTGGATGAGGTTGTTGTTAGCCAAACGCAGCGGTGAAGTCACTTTATGGATGCGGCTGGAGGGGCAGGCAGAGAGGTGCAAGCTAAATACGCGTGCCTAGGGTAGTGAGACAACTGAAAGAATCCACGGGTCCCAAAGGTCGCCTTCCACCCGCAGGGTTATGGGTGGTTCTCCCAGCTCTCGTGGGAGCGTTTGTAACTCACCCGACGACAGATGACCAATACCCTGGGTACTAACAGTACCGTGGTGCAGAAGTCTAGGGCTTCCCTCCCCTCCTCGGGAGTCCCCTCCAGTCCACCCTGCTCCTCTCTGCCCGACGCCCAGGGTTCCAGCTGTCAGGACCAAGAGCGGGGCTTGGGAACCGCCCGCTAGTCTTTGGGAGGGGCGGGGACAGCAAGCGGGACAGCCAGCTGCTATTGGAGGGGAAGGCGAGGGCGGAGGGGCCGAGCGGGGTCAAGTCCCGGGAGCGCACGGCCGGCCGCAGTCACGCCGCAGTCGGGAGAGCCAGCGCCCGAGCGCAGACGCGCCCGCCATGAGGGAGATTGTGCACATCCAGGCGGGCCAGTGCGGGAACCAGATCGGT,-101.28571428571429
Tubb3,GACTGGTAGCCCTCTCTTCTCCAGAAAATAGTGACCTCAGAGTTCGGAGCTATAATCCGCCACCGTCCTGACTAGCGTCCCCAGGTCTGCACAGAGGTCTCAAGAAGGGTTTCGCTTCCCCTGCCTCTCCCACCTCAAGCGACTCGGCGGACTCAGAGAATATGGGTCTTGATTCTTAAGCACTTGAGAGAAAGAAAGACCCTCTTCACAAAGCTGCAGGGTGGGGATGGGGCAGGGACAAAATGGGGAGGCAGCTACTGGGGTGGGGCACTAAGGGGCCTGGGTTCTATTGTCCCCAGAGCGGATTGCCCACCGGTGGCCCCTCCTCCGAAGGCGCGGCCAGACTTGCTCCGCATTGTGCGGGCGGATCTCGGTGCCGGTGCTGATGCTGCAGAGCCTGCCGCATTGTGCGGCGCTCCAGCATTGGCCCGCAGCGCTTACATCAGCCAGCGAGGGCGGGGCAGCCTCTTATAAGAGGGCGCGGCGGAGGCTGCCGATCCTCCGCAGCCTGCTGTCCGCCTGCCTTTTCGTCTCTAGCCGCGTGAAGTCAGCATGAGGGAGATCGTGCACATCCAGGCCGGCCAGTGCGGCAACCAGATA,-1.0
Tulp4,TGTTCATCTTGGCAGTGTAGTTCAGTGGAAAAGTATGGGTATTGGCGTGAGATGTCGAATTTTACTTCTGTTACTCATAGACTGGTGAGTTCTGAAAACCTCACTTAAAATCTTTGAGCCTTGATGTGTTTGTAAAGTGGTTGTGTTATCTGTAGGAGATTGTGAAGGTGAAGGTGATGCAGAAATCCTTAGATCTTGCTCAGCTTCTGCTTCAGTAATTCACCATCATATTAAGGCCATCCAGGAAGAAGTGTTATGTCTTGTATTTTAGTTGGAATTGGAGTAGTCCTTCCTTTCTGCATTATTCTGTACCCTACGTTTAGAATAGAGCAGAGTGAATAGTCTTCGAATATCCTTTTATTTTAGTCCAGAGTTTATTTATTTATTTATTTATTTATTTTTTTTTTTTGCTGTCTCAAAAAGCTTTATTTTTACTTGGTCCAAGACTTGACAGAGGCTCCAGGGCGGTTACAAAGCTGCCTAGTGGCTTGAGAGGTTCATTCAGGTGGAGGTCCCAGGGCGGGCTGGTGCAGAGCAGAGGGGGGAGCCCCTTGGAAGGCACAGAGGCCTCCTAGTCGTGCTTGAGAGTGAGGCGCTCAA,-31.609756097560975
Tulp4,AAATGACGCTATGGATTCGTTTCTCCCTGAAAGCAACTGGAGGGGGTACTGACGTGACAACAGCAGCACCGCCTAAGAAGACACTTGAATGACTGTTTCCAGGGGAGCCACGTTCCTCATAGTACGAGCCTTTGTGTGCTCTGCAGCGGCACTGTCTGGGTAAGAGACGGTGTGACGTCCACTTCCGGCCCCCGCTGACAAGCTCGCCTGTCACTCCGCAGGAGGTGAGTGGTCCAGGCTAGGCTAGGCGCCCTGGAGTCTCCGGCGTCGAGCGGCGGGTGGGGGGCTCGAGACCGCACCCCGCGCCCGCGCCCGAGCCCGCGCCCGAGCCCGCGCCCGAGCCCGCGCCCCAGCCCGCGCGAGCCCGGGGCAGCACCACCCGCCGCGGGTCCGCTCGCGGAGGGCGGGCCGGGGAGGCGCCGGGTCACGTGGCGCGGTCACGTGCCCACCCCCCCACCCCCCACCCCGACTGACAGTCCGGGTGGCGGCCGAGGGAGGCGGAGTCACAGCCGAGACCCGGTGGGGGGTAGTTGTGGCGGCGGCGGCGGCGGCCCTGGTGGCGGCGGCTGCGGCGCCGCCGAGGGCTGCCGGAGAAGGAGG,-31.609756097560975
Tubb5,GTTCTCAGGATTTTCCGCTGAGCTATGCAGTCTGGCTTTTCTAGACCTACTGCGGTGGGCAGCTGGCAGGGCGTGTCCAACACACCTTCCAACTCTGGCACCTCAGATCTCCTAATTACTACATTTCTCCAAACCTCTTTTAGTACAAAATCCTCTCTCAGAATAGAAAATAGGAATCTCGTGTGAGGACATTTTTCATGAAAAAATAAAATCACACACACACAAGATAACCCCAATTCCTCATACAGTACCCACCCATTCCTAACTTCTTTTTGCAGCGTGGACAACAATAGAGAACTACAACTCCCAAAAAAGACTGCGCTCGCCACTGGCTCAGAAACCAATGGCCGCCTGGCACGTGATCGGTTGGTCTAATCAGCGACTGGTTGGGTAGGCTTTGTCTAAGACCCGGGGCGCCCGCCTATCTCCCGCCCCCGGCCGCGCGAACGCGAGCCCCGCCCTGCGCGCCTTCCCTCCTGCGCTCGCCGGCCTCTTCTGCCTCTTAGAACCTTCCTGCGGTCGTGCTTGCATCTCGCTGCTGCAGCCTCCCGGGCTCCGGTCCATCCTTTCAGTCTGAGACCGGCCCAGAAGAAAAAAACC,57.63636363636363
Tulp1,TGTGTCCCACCTACACATGCAATAAATAAATGTAAACATTTTAAATGAGCGTGTCTCAGGCTGAGTATGGTGTCACATGGTGGCAATCCTCACACTCAGGAGATTGGAGAGTCTTGGGTTCCAGGCCAGCCCACACAGGAAGGCCCTGGCTACAGAGTGAGACCCTGTCTGGGAAAAGGGGGAGGCAAAGACAGTCTGGAGGGCCACTCTGGCCTTTTACTCTCCAGCACCCCGCACCACTGACATCTTAGGTAGCAAAGTGAGGTGGGTGGAATATCCTTTTCTTCCCGGCCGCTGTAGTGAGGAGAGCTGGGCTCCAGAGCTTCCCTTCAATGGTTCAGCCAATGGGGCTAGAACATCTTATCCTTAGAGGTGAGTCCTGGTGGCCTCTTGGCCCGGAAGGTGGGGAGAAGCTGAGCCGAGATTAGCTAGGAAGGAAGGGAGGCTGGGGAGCGGCGAGTCACCAGAGAGAGAGAGAGGGGTGGTGGCCGTGACAGGCACACAGACGCAATGCCACTGCAGGAGGAGACCCTTCGGGAAGTGTGGGCCTCAGACAGGTGGGAGCCCCACATCGCCCCACCTGAACTCCAAACCCTAGTT,-70.81818181818181
Tulp3,CACAAAGGCATTGATGGCTGGAGGCATGATTTACTGCAGAGAGGACAGCTTAGCTGCTACCCTCACTAAATAAGGACATTTGCTGAAGGTCCCCAGGTAGGGATCCCTCAGTCGGGCTTTGGGCAAAGGCTGGTTTGGGAGGCTGAAGGCCTCGGCTATCCCAGAGTCGGTGGTCAGATGCTGAGGCTTCAGGTGATAAAGAGTAGAAAACCCAAGGCAGCAGCCTGGATGTTCTCGGTGCCACAGAGGGGTGCTGGGGATCGCTCTGTGGGGGCCAGTCCCGGAGCGGTGGAATGGAGCAGCAGACTCTTCCGACCCAACCCCGGGGGGCTGCTCCCGGATCTAGCGCACGCGCCTTCGCCTCCCGGTGCCTCCCGCCCCCTGGAAACCCTCCAGCATCATGGCTAACGCCATTTGCCAGTGAGAGGGGAGCGTAGGGCACTGGACCAATGGGCGTCGGCGACAGTGCGGGGTGTGGTTGTCAGGGGCGGGGCCCGATCTCCTCCATCCTCTCCAGCCGGGCGGCGGCGTCTCGGGGTCTGGACGCTGATGCCACCGGTCGGGCGGGTATGGAGGCGGCGCGCTGCGCACCCGGACCCC,-92.25
Tubb2a,CACGTCTGGCTTTCTACTCGCCCTTAGTTACCAAGCAGACTTGAAAGAGAGAACCGGGCTGCAGTTCAAGTCCTGCCCAGGATGCAGGCACCCTTTTTCAGAAAGGACATCTAGTAGAGATGCATTTTCAGTTCTGGGCTTCATATCCAAGAGCGAGGCCACACCTGTCCTGCTACTGGGGAGGCAGGAGCCCCATCTGTAGTCCCCAGAGTGGTGGGAAATGAGCAGTGTGGGAGCAGAACCAGAGTGTAACCTAAAGGTCTCGACAGTAGACAAACACCTCAGGTGGACACTGAGGGGAAACCAGCAGGACCGGCTGGGGGGGCGTAATAACCCTAGGAGGCTGGATACAGGCGGGTGCCCCGCACCTCGCACCGCGCCCCGGCTCCCTCTCGCGGTGCCGCAGTCCCAGCCGCGCCGCCCCTCGGCTCTGCCCCCATGACGTCAGCGGGACTGGGCGGTCCCCGGGTATAAAAGGCGGTGCTGGGGGAGGGCGACTGGTCTTTTGCGCTCCTTAGCCCTCTGTCCACGCACTGCTCCGAGGGCAAGAGCCTCCACCCCTTCTACAACCAGCACCATGCGCGAGATCGTGCACATCCA,0.0
Tulp1,GAGCCTCTTCGCCCCCTGTGGAAGTGGGTGAACCCCGGGAGTTTGTGCTGCAGCCAGCACCCCAGGGCCGGGCAGTCCGCTGCCGGCTGACACGGGACAAGAAGGGCATGGATCGCGGCATGTACCCGTCCTACTTCCTGCACCTGGACACTGAGAAGAAGGTCCTGAGAAAGGGGGTGGAGCACGTCTAAGGCTGGGGGCGGTGTCTAGGACTGAGGGTGGTGTCTAGGGCTGGGGGAGTCTAGAGCTGGGGGCGGTGTCTAGGACTGAGGGTGGTGTCTAGGGCTGGGGGAGTCTAGAGCTGGGGGCGGTGTCTAGGACTGAGGGTGGTGTCTAGGGCTGGGGGAGTCTAGGGCTGGGGCCGGTGTCTAGGACTGAGGGTGGTGTCTAGGGCTGGGGGAGTCTAGGGCTGGGGGCGGTGTCTAGGACTGAGGGTGGTGTCTAGGGCTGGGGGCGGTGTCTAGAGCTGAGGGTTGTCTAGTGCTTGAGTGTCTGCGGCCTCTCTGGTCCCGCAGTTCCATCTGTCTCACTCTGTCACCTCTCTGTCCCCTTCTCTGCAGGTGTTTCTCCTGGCCGGCAGGAAACGCAAGCGGAGTAAGA,-70.81818181818181
Tubb2b,CTCGCCAAGTGCTTTGGCTTGGCGAAGCCTGCTCAGAGTAAGAAGAGGAATTGCTCAAGTAACGCAAATGACCCTAAAGCTCCCTACCAGTGCTCACTCGCAACACCGGACTGCACCTGCTGCACCCACCCATTAGCAGCCCCTTCTCCATCCCCAGCCTATGGTACTAAATCACCCCGCCCCGCCACACTACCGCAGTCTTCACGCTCCCAGTTCCCAGTTCCCCACACTCAGCTTGCCCTTCTCAAGTCCGAGACAATGCTCAGGCCCCAGCTTCTCCCAAGAAGCCCCACTCCTCGCAAGGTCTTCACGCCCGCGCTGATTGGCCACAAGCCCATAGTCCAGCCCCCAAGACCGTCCCTGGGGCTCAGAGCATTACGTCAACCCGGCCTGGAGAGCGCTAGCGAGAACGGGACTGGGGGCTTTGGCTGGGGGGCGCGGTCTTTTTGGTTCGCCCCACCCTCCCTACATAAAAGACCGAACCCACCCGGCCCTCGCCCTCAGCCCGTAGCCCGTCGGTTCCGGAGTAAGTTCCAGGTGGCCCAGCAGTGGGTGTGGAAGGGGAGGATCATCAGACCCACTGACACAGACCCAAGACAG,-133.0
Tulp2,TGGTTCCTGGGAATTGAACTCAGGACCTCTGAAAGAGCAGTCAGTGCTTTTTTCTTGGTTTTTTGAGACAGGGTTTCCCTGTGTAGCCCTGGCTGTCCTGGAACTCACTCTGTAGACCAGGCTAGTCTCGAACTCAGAAATCTGCCTGCCTCTGCCTCCCGAGTGTTGGGATTAAAGGCATGTGCCACCACGCCCAGCTCAGTCAGTGCTCTTAACCGCTGAGCCATTTCCCCAGCCCCCTCTGTTTTTATATAACTGATTTATTTATTTTCTGAAGTGCCTTTATAGATTCTAAGCTCTAACTTCCAAGCAGCTGTCCCCACCTCCCAAGTGCTGGAACTACAGGCACTGGCCCCTGGGCATTGAGCTTGTTCATTTCTTAAGTACTCTCCCTAGAGAGCTATATAGCCAGCCTGGGTCCCTTTAAGGAATGTTGACTCTTGGTTCCAATTCAGAATCCCCAGAACAAGGGATCCGCCTGCCCCAGTGCCCTGGGAGCATTACTCTGTTGGACATGGACCGTGAGGGGCCAAGAGGGCCAAGAAGTGGGCAAGTGCCTGTGGGAACCCCTTTCAGAGAAAGGGTCCAGATAAGTTTAGA,-85.5
Tub,CTCCAACTTTCTAAGGACCTGGAGTGCAACCGTAAACAGAACTCTTCCCTTGGTTGTGGAAACGTGGATGGGAAGCGTAAGGTCCAAAAGAATGACCCAGGCAGAGGAAACACCGTTTACTTAACTAAAGATCAGAAGGTTATGGAGGCAGGCACATGAAATGGGAAGTTGAGAAGGAAACAGGGACTCAGTCAGTACTCAGACCAGAGGCTCCCTGAGTTGAGTCCAGGGTAAATCTGAGATAGTCAAGGACTGAGGGATAGCTGAGGTCCTAGAGGGAGAAACTGAGGCTAGGTGACAGCATCCTTCCGGCAGAGAGTGGGCATCCCGCGCGGTCTGCATCCACCGGCCAGGGTGGGGTCTCCGTCGAGGCGGGGCCAGGGGCGGGGCGGCGGCTGCCACGCAGGGCTCAGCCTGGGGCGCGAGACCCGGCGCCTGCGGTGCGGACTGCCTCTCCCGCCTCAGGCGCGCTCCAGCCCGCGCGCTCCCGGTGCCCCGCGCACTCCCGCCGCCTCTCCCGAGCGCTGCACCGCGCACAGACAACCGTTCTGGGAGCCCGCGGCCGGGGCCCTGGCGTGCAGAGAGGGCCTCGGCGGGGCC,63.44444444444444
Tubb4b,GCAAGGTGTGTTCCGGATCGACAATGCCTGCCCGCGTCTCCTTTCTCTCCCCGCAGCAGCTGCCAGACCTACCAAGCCGCCCGAGCCCACAAAGCTCTGAAAAGTCGCCCCCTCCCTTTCAGCCGGAAGCTGGCTTTCCACGTCCCACCCGCGCGCTGCACTGCGGCGGTTACCAGGACGCCAAAACAGCGCAGCCAATAGTGTCAGGCTCTCGGAGTGCTCCCAGGAGGCAGCCAATGGAAGTGCAAATCAATCATTTGAAACACCCAATGGATTGAGCACTGCGGCGCCAGGGCGGGGATTGTGATAGGGGGAGCCGTAGGCAAGCGTGACCAATAATGAGAGTATATTGTTGGGAAGGCGGGCCCCAGACCGCTCGATTGACGGAAATGTAGCCAATCAGACAAGGATAATTCGTGGCCTCGTTCTGAAAGCCCAATCCTGTGCTGACGAGGGCGGGTCATAAGAGGTATATAAATGTTGGCAGAGCGTCGGTTGTAGCACTCTGTGCGCCTGCTCCTCCCGAAGTGCTCCTCTTCTACAGCTGTTCCGCAGTCGCCGCCGCCATGAGGGAGATCGTGCACCTGCAGGCTGGGCAGT,-123.0
Tulp2,AATGGGTTCTTAATCATATATATATATATATGTGTGTGTGTGTGTGTGTGTATATATGTGTGTGTATGTATATATATGTGTGTGTGTGTGTATATATATATATATATATAATGTTTATGAGTACACTGTAGCTGTCTTCATGCACACCAGAAGAGAGCACTGGATTCCTTTACAGATGCTTGTGAGCCACCATGTGGTTGCTGGGATTTGAACTCAGGACCTCTGGAAGAGCAGTCAGTGCTCTTAATCACTGAGCCATCTCTCTAGCCCTTTTAGTCACTATTTTGAGGGTCGTACAGTTTGGTGGTAAAATTTGAGTCCCCCGTTAGCTTTTCTGTAGATGACTGGAGCCCTGGAATGAGTTAAAGACTCCCTTCTTCGGATGTTACCTCCCTGTATTGGGGGTGGAGTTCTGAGAAAGTAGCCTTTCATTATCTCCTGATATCTCCTGTTCTCCGGGAGAAGGAAGCTTTTTGTGTGCCTGTGTCTAGCTCTTCCTGGGAGTAGACGCTGCAGAGGCTGAGCCTCTGTTCTTATCTGTGGGCTCCTTAGGTCCACAGAGCAAGCGGTAACCTGCAGTAACTATGAGTGCATCTGGAA,-85.5
Tubb1,AGTTTGCAATTTAAGAAGGAAAACTGTCCAGCCACGTTCCCGAGGCCTGAGGCTGGCTCCCAAATTGGCAAGGTGGCTGAAGACAGCAAGGCAAGCCATGGATAGGCAACATGGTGACTTGGATACCCTTTTGGGGTATGTTCCAGCCGCTTCATTCAGCCATGACCCATGGATGTCACCCATAATTCGTGGATGTCACCCCAAACTCATGGATGTCAGTGATACCATCGTAGCCCAGAGGCTGTTGAGAGCAGGTCTGTGAGAGGGGCCAGCTCTGGGTTCCTGCCACATAGAGGAAGCCTCAGCTGAACTCATATCTAGGAAATGACTGAGCACAGCGCAGGAGAGAGAAACACCCCTCTTACCCTGACTGAGGAAAGCAGGGAAGGCCTGGGGTGGGGCCCTCAGCCAGACACACCCCTGGGCCAATTGGGAGAGCAGTTGGGTGGGCTGGTCCCACCAAGACCATGAAACTGCACCCAGCTCACACTGGTGACCCAGGCTCTTCCAGACTCTGCGACCTAACTGACTCTTGGGTTCAAGGCTAGGATGAGAGAGATCGTGCACATCCAGATTGGCCAGTGTGGCAACCAGATCGGA,-44.0
Tulp2,CTAGATCTTGATTGTGCCTTCCTAATCCTCTAGAGCGTCTCAGGAGAATGAACAGTGGAAGAAAGAGTGAGTGGGGAAACCTAAGGGGCAGTGTGTTCACGGGAGAGGAAGGACTTAGGCGCGCACCGTAGGGATCCGCCCAGCTTGGGGGTCCGCCCAGCTTGGGACTCCATTTTCAGGCTCACCACCATCAACTTTGTAGGAATGTGAGGGGGGGGGGTGCCTGGACGGTTCTGTCCTTTTGAAATAGGTACAGATGAAAACACTTAGGTCTGTGAGAGGAAGGAGCTAAGGACCTCTGAGTCTCCCATGCTGGCAAAAACCTGGCATCTCAGCTAGGGTCCTAAAATGGGGAGGGGCCCTGGGAGAAAAAGCAGATAAATGGCCTAAAAAGTTCAGGTCCCTTGCCTACTGTGACATCACAGGTGCTCAGAACCCAAATTGGTCAAGGGGCGGGGGCTCTTGAACAGGCGAGCTGCCCTTGCTAGTTGTGGCCACTAGTTTGTGTTTCTCTCAGGACCCTGGAGGATGAATTCTCTGGCGTGAGGCTGCAGAAGCTAGAACAACAGGTACGGCCTGGAACCCCACGCTTCCATCTTC,-85.5
Tulp1,TTTGTTTTTTTGTGCGGGTTTGCTTCACGTAGATTGCGTTATGCTTTTTATAAAGTAGATAAAAGTAAAAAAGAAATCTGTGGCTAAAGACGCTGATGGCGCCAGGCCTGGGCGCCTGCCCAGGAAGGTCAGGTCAGAAATGTGGGGGCCGCTGGAACCGGGGCTCTGTGCTAAGGGGCTGAGGAGGGTCCTTGCAGGAGACGCTGCTGAAGGAGGATTCAGAGGCTCCAGCGAAGGCCTAGCGTTGTTCACCCGTTCATTCCGTCCCTGCCTCTTAAGCTGGTTCCTAGCCAGATCATTTTTCAGACTTAGACAAAAAGTTAACACGAGACCAATAGACTCGTCTGGCTTTGGCACCCTGGGGACTTAAAGCTGGATACGGGTGGGGGGGGGCGCTAGAAAGTGGCCCTCAGCTCCAAAAGGATCCTTCCTTCCCTGACCCCGCCCCCTCCCCCAAATCTCCTGTTCCTAGGGGATGTAGGAAGCCCGGATGCCCCTCGGAAACCGCTCCGAACCAAGAAGAAGGAGGTAGGGGAGGGAACCAAACTGAGAAAGGCAAAGAAAAAAGGTAAAAAACGGGACACGGGGCGGGGCGGGGCA,-70.81818181818181
Pgk1,GAAAAGGCGCCTGGGAATTCTACCGGGTAGGGGAGGCGCTTTTCCCAAGGCAGTCTGGAGCATGCGCTTTAGCAGCCCCGCTGGGCACTTGGCGCTACACAAGTGGCCTCTGGCCTCGCACACATTCCACATCCACCGGTAGGCGCCAACCGGCTCCGTTCTTTGGTGGCCCCTTCGCGCCACCTTCTACTCCTCCCCTAGTCAGGAAGTTCCCCCCCGCCCCGCAGCTCGCGTCGTGCAGGACGTGACAAATGGAAGTAGCACGTCTCACTAGTCTCGTGCAGATGGACAGCACCGCTGAGCAATGGAAGCGGGTAGGCCTTTGGGGCAGCGGCCAATAGCAGCTTTGCTCCTTCGCTTTCTGGGCTCAGAGGCTGGGAAGGGGTGGGTCCGGGGGCGGGCTCAGGGGCGGGCTCAGGGGCGGGGCGGGCGCCCGAAGGTCCTCCGGAGGCCCGGCATTCTGCACGCTTCAAAAGCGCACGTCTGCCGCGCTGTTCTCCTCTTCCTCATCTCCGGGCCTTTCGACCTCACGGTGTTGCCAAAATGTCGCTTTCCAACAAGCTGACTTTGGACAAGCTGGACGTGAAGGGGAAGCGGGTC,-42.333333333333336
Pgk2,CATGACCTCAGTAGAAATATTTATCAAGGATAAAAGACTTGTATTATGCTGCCTTGGACTACAAACAAAACAAAAAACAGTACTTTCTTTTCAAATATTCATTATTTGTACTGCAGAGGATTTTCCACAGTATAATTAGAGATTGGATGTGGGGAAGAATTATGTTTTTTTTTTTCTTTTTGGTAATCTTATGGTTGGGTATGCTTTATTTTCTAATTGATTTGAAAGAGGATATAGAAACAAAAGACAGGAGAAAAATAATCTGGCCTTCTGATACTTATTTGAAGGCTTTCTAATTTCCCAACTCTAACCCCAAGCTCTCCGTTTTACTGTTTAGTATTCTAGGCTGGCAGTTTGAGTCTGTACCAGGCAAAAAACGTTCCAAATCAAGATAGACAGGATGGAGAACCAATCACAGAGCTGGATTTCCTTTCAAATTCTACCAATGGCTATTGTGCAGGAGACTTTGAACTCACAAAGAAAGGCGGGGCCAAGACTTAAGCGTTAAAAATCACCACCAAGCCAGCCTCCCAGCAGCAGTAAAGAGGCTGTTGTGCATACCATCAAGATGGCTCTTTCTGCTAAGTTGACTCTGGACAA,12.0
Adpgk,AACCATGGAGGTCAAACACTGGCGGAGGGACGGATTAAGAGACAACAGCGTGGCTCGTTGTCAATGGGAGACCGACTACTCTAATCGCGAGGTTTGCTGCTTCTTCGTTATCTGCATGTCTTATCTTACTAGGGAAGTAAAAGTATTCTCTCGCCCCCACCCCGGACACACACACACTCTATCTCAGGCTATCAGTGAATATCGGGAAGACGTGTACGGATTGGGAACCACACTACTGCCTTTGTTCATCCAAGGACAGAATCGCACAACAGCGTCGCCCAGCGCCAGCGCCAAGACTTAAACAGAGCGAACCCCCAACGCCAGCCCTGTCGTCGTCCCGCCTCCAGCCCACCCATAGCTCCACCCATAACTGGGGCTGCAGTTCCGTCGTAGCTCCGCCCATCGGGAGGAAGAGCCTGTGGCGCGCGGGTGTGACGTTACGCACGTCTACGTCAGCACGCGCCCAGCTGGGAGGAGGCGCGAGCCGAGAAAGGATCCTGTAGCCACCGGTGCGGCGGTGTGTGCACATGGCGCTGTGGCGCGGCTCTGCGTGCGCCGGCTTCCTGGCGCTGGCCGTGGGCTGCGTGTTCCTGCTGGAGC,-33.857142857142854
Myh10,CGACGCAATAGAGAGACGTGACCAGTGGGAGCTGGTGACTTGTGCTGCGGTACACCTGCCCCACTGTCCACCCAGCCCTGACTAGCGCAGCGCGCACACCCCAACAAGATCGGCGATCTCTGCCTCGCGGGATCGCCAGGCTCCTAGTTTCAGCTGTCCATCTCCCTCCAGAGTCAGCCAATCACCCGCCACTGCCCCGGCCGCACCTCCCGGAGTCTCTGACAGGCGTGAGTAGCAGCCTATGAGATTGGGAGTCTGTGGGTCTAGGTCGGGAGCGGGAGCCAATGAGCATCATTCCAGGTGGGTGGAGGGAGCGGGACTTGGGAAGGTAGCTTCGTTCGGGTTGCTAACGTCTTTCCTGGGAGATGGGCGCGCAAACCGACCAGTGGGTCTGGGGGCGGCAGTGATGGGCGTGGAGATGGCCCAATGAGGGTGGGAGTGGGTGGGGCAGGCGCGAGCAGCAGTGCTAAAGGAGCCCGGCGGAGGCAGCGGTGGGTTTGGAATTGAGACGCTGGATCTGTGGTCGCTGCTGGGGACGTGTGCCGGCGCCACCATCTTCGGCTGAAGGTGAGACGAGCAGTTGCCCGGGTCCGAGTGCGG,1.8888888888888888
Myh9,AGGACAGGACGAAGGGAAAACACGGTTCGCTGGGCGGAGTGTCAGAGCCTCAGACCTCCCCAGTACGCTCCCTCCGGCCCCGGCGCGGCCCAAGCTGCACACCAGAGCCGGGACCAGGAGCCCAGCGCGCCTGAGCCGCTTGCTTCTGATTGGATGAAATCCGCGTCAATCCTGGTCCTGTAACCTGGCTGTCCATTGGACCCGCCCAACAAGGCGTGGCTCCCGCCTAGGAAGCGCGGGTGGAAGGTGGGGTGGGCGGAGGTGGGGACAGATGGGGAGGATGAATCTCAGCACTCCGGCTTCCATCTCTTGTCTGTTTATAGGCCGAAAATCTGTCAGTTTAGGCCAGACTCCTGTTGGATTGGGCAGTGTGGGGAGAGGGCGGGGACTCTTGGAAGCTCCACCCACGAGCCGGCGGCGAGCTGTAGACCCGCCCTCCTCTTGGAAGGGCGGGGCAGGGAGGGCGGCGCGCACCAGAGCTGGGTGCGGTGAGGCGCGCAGATCACCGCGGTTCCTGGGCAGGGCACGGAAGGCTCAAGAACCTGACCTGCTGCAGCTTCCAGTCTCGCGTTCGCCCCACCCCGCCGCGCCGCCCGAGCG,-82.24137931034483
Myh7b,ACAATGGGAGGTAAAAATAGCCCAGGGGTTGAGCTAGAGGAGATAAAAGGGAATTTGCCTTTTGTGTCCTGTGGCCAGGCTGGGGGGGCTGTGACACGTGGAGATTGCTGACATAGCTCTCCTTTGCTGACCTTGACAACAGCAATAAAAGGGGTAGCAGTGCTCCGCTCCCTGTCCTCACCGTGGTGCCAGGTGGGTGATCAAGGCTGAGGGTGTGTGATCAGGTGGAGGGTAGGTGATCAGGGCAGAGGGTGGGTGATCAGGGCAGAGGATGGGTGATCAGGGCTGAGGGTGGGTGATCAGGGTGGTGGGTAGGTTTGGAGCTGGAAGGAAGGCAGGAGAGTGCCCATGGGTGGGCCCAGGACATCAGTACCTATAGCAGAGGATGCTCTTATGTCTGGAGGTGTGCAGTTGCAGGCTCACCCAGGACATCACCCAAGCCTTGTGGTTAGAGGATCATACTCCAGTGTGGGTCTAGCTCCCCATCCCTGAGTTTCCTGTCTTTGCTGTCTTGCAGAGCCCGCTGCCTAGGACTGCTTTGAGTTGCTGCCCCGGTTTTCAGGTCCTCCTTTTGCACCTCTCGCCACCATGATGGATATG,12.0
Myh7b,GCTGAGGGGTAGTGTCCAGGTGCTGTAGAAGGATGCAGGTCCTTTCAGTGCTGTCTGTGTGACTGTTGACCTTTGACACGTGGTTAGTGCTGTCTTCCTCTAGACTTCACTGAGAACTGAAATCGATGGCCACAGTGGGGATTTTATGGCTCCTTTACCTGGTCTGCTTGCTCTCTCCTTCTGGAAGTATAGGTCTTTTTCCTGCGTGTAGGAGACTCCCTGTGACTCAGTTTCCACTCCTGAGTGCCTCACTGCCTTGTCCCTGTCACTCTGAATCCCAGCTTCCTGACTGAGTGACTGCCTCTCTCCGCCTTTGTGATCCCCTGACAATGGGAGGTAAAAATAGCCCAGGGGTTGAGCTAGAGGAGATAAAAGGGAATTTGCCTTTTGTGTCCTGTGGCCAGGCTGGGGGGGCTGTGACACGTGGAGATTGCTGACATAGCTCTCCTTTGCTGACCTTGACAACAGCAATAAAAGGGGTAGCAGTGCTCCGCTCCCTGTCCTCACCGTGGTGCCAGGTGGGTGATCAAGGCTGAGGGTGTGTGATCAGGTGGAGGGTAGGTGATCAGGGCAGAGGGTGGGTGATCAGGGCAGAGGATG,12.0
Myh3,GAGATGGAGAAGGAGAAAAAAAAAACTATAATCCAACTGCACAAGTTTTACAGAGTTTGGCTCATAACCGTGAGGGGACTTCAACAAGTTCAATTCTACTTTATCTTCGATGAGCTTTCTAAGCAAATAGCACAACTGTGTGTCCCCTGTTCCCAAGTGGTAGTGGCTTCAGCTGATTTCAGGGTGGGATGGCCTGCAGGATGGAGCCAGGTAGGGGCTCCTAAAGCAAAGGAGATCCCATTGTGCTAGGTGGAGAAGCTACAGCCCTGAGTTCACAGAGCAAGGCATCTCAAATTCCCAGCTTTCTACAGTTGGAAAAAATGGTTTCGGACCCTGCTCATTTCTATATATACTTTTCCCTTGGCAACGGCGAAAAATACGTGTGGAGGGGGCCAGTTCTCAGCCTGTGGTGTCAGTCATTCTCTTTCCAAATATAGAGGAAGAATGAGCCCAGGGGGTTAGTGGTGGCCTATAAAAGCCCAGGGGGCAGCTCTCCTCTATGCTTCTCTCTGTCACAGTCAGAGGTAAGTCTTACACTTTCCTAGTATCTCTGTGGCATTTACTGCTTCTAGACCTGATTCGGCCACTGCCCTGGACTGT,-40.0
Myh8,GGTCCAATGGTGGAGACTCAGCATAAAGGTTCTTCTCGATTTGGCTCTGCTGCCCTAGTCAGGCTCCAAGGATGAGCCCTGGCGACGGCCCAAGGGAATGCAGTGTGGGGGCTCCTGTTGGAACAAATAAGGAAAGTGAGTTGCTGGGCATCTGATCTTTGGCAGCACAGGACAGGCGTGCATGACAGTTTGCCAAATTGAATATAACTCTTAAGAACTAACTTATGAGAAGGCCCACCAGGCGCTGTCAAAGATTCCCTTCCCAACACACTAGAAAGCATTCTCAGAGGGCAAAATGGTCCTTGTCAAATTATTTATAGGAGATTGGTTCACATACTCTGAATGATATGAATACTTCTAATTATATCCGAAGATGCCAAATGTCGCTACAAACTTCGCCGAGGGTTCCTGTTGCCAAGTGTTTGGCCCTGACAAAGAGGAGGGAGCTGCAGCATCAGCACTTCTGTTCCTATATAAGCAGGGCTGCCCCTCACACCCTATCTCCGCCAAGAGCCCAGAGGTAAGTGATGGATGGGAGCCTTGGGAGCCTGAGGACCCTGGGGGCAAGCAGCAAGAACCCAGTGGCTGTCTCCGAGCATG,-77.66666666666667
Myh4,TAAAACTCCAGCCCTTGCCTAAGAATTTTTATCTTAATATCTGTCACTCGGTGCTTCCAGTCACAGTGTCAGATCTAAAGTTCACTCCAGACTCCGTAATGGCTCTAAGCACTAGCAGATTAATTAGTCCCACTCGCCCCACACCGGGCTCGTTCCTGTGGAAACAGCTTTATAGGCACGAGAGTGAGTAGGGACCTGGCTTTGAATTCTGTGATGAATGATACAACACCCAAGCCGGGAGAAACAGCCTCCAAAAACCCTGGATCTCCATTCCCTATCAGATGCTTATAAAGAACCCTAGATCATCCCCTGTCAAATTATTTATAGATGACAAGAAATATTTCTAATTATATCCATTCACAGCCACAGTCAGTGAATATTGTGTAAAGAGATTGCCAAAAATGGTTTTGCCAAGTAGGTCCGCAGCTAGGACAGCTGAGGTGGCTGCTGTGTTTGCAGAACAGCCTCTATAAAAGTGAAGCTGGGGTGCCTCTGTCCTGTCCTTCCTCAAACCCTTAAAGGTAGGTATGTGTAGCAGAGCACTTGGCTAGCTGTGCACTCCTGATGGGAGCGGGTGCTCATGTGAGGGAGATGACTGTT,-55.166666666666664
Myh15,TCCATTCATATCAAGAGGTCTAGCGTCTGCAACTTGACATTTGTCAATTTCATCGATTTTGCCCCTTGCCGAAGTCAGAATTCTGTGGCCCAAGGTTATAATTTGACTTCTATCAGACTCAGAAACTTTGTCATTCTTGAGGCATTTCCTCTACAAAATTATTAAAATTTGGTTTTGAAATTTTGTTGGTATAAAGATAAAGAAAAGCTGGGCCGTGATTATTATATGTCAATATTTTATTTATATTTTTCTTCTGACATTTAAAGTCAGTCTATACATTTTCATAGATTCCTGAAAGAATGTTTTTGACTCTAGGCACTGAGCCTTCAATGCTTAATGAATGACCTGCCTTGATGGACTTAGATGTTCTTGAGATCAATTGTGCCATGACACAGACATAGAAGAAACATTCTTTGGTATATAATGAATGATTAATCATTTTAGAACAAGTGCCTCAATTATTTTTCTCCTCATATCTTTTTGCAGAACAAACCCTTTCACATTACCTGCAGCCCTACATTCCCCTGCCCTCCATCATCCCCCAGTGAATATTTTAAGAACGATGGATCTGTCTGAGTTTGGAGATGCCACAGCCTTCCT,-72.0
Myh2,AAGGAAACAAAGAGAAGATCTTTCTCTCTGCTTCAATTGTTGAAGGCATGCAACTTAATTTTGCTGGGTTGGAGAAAGAGGATTAACAGGTGAAAATTAAGCCTTGTAAAATTAAAATAAGTGTATTTTATTTATATAGTTTAATAGGAGAAATATTCGAGAGTGATGCAAGGCTCTGAACGGCATGCCCAGCGACGCCAAAAAGACGTTCCGACGGCAGCCAGGTATCCTGCTGGCTGGCCACCGTCTTTATCCACCAGCCTGAATCTTCCTTTCAGATCATCTTCTCAAATTATCCATAGGAGATTTACCCACATACTCAATAAGAAAAATATTTCTAATTATATCCAACCATTCTTAATATGAATGAGAATTATGCAGAGACGCTCGATTGCCAAGAGGGTTTTTGCCAGACAATTCCTTTTGACTTAAGAAAGAAGAGGCAGTCGCATTGTTTCCATAGCTAGCCATATAAAAGAGTCCCGAACGAGGCTGACTCGTCCTGCTTTAAAAAGCTCCAAGGTAGGTGGGAGCAGGACACTGGCCACTGCCCGAGCTGCAGCTCCCCTGGTCTGTGAATCCTGGTGCCTTCAACTTTGC,-58.0
Myh14,TCTTTGAGCTCAATAAATGATTCTGACCCATCCACCTGCTTTGGGTCTGCTCACGGTCTGCACTCTACAAAAGCAGTTTCTTGGTGTGTGTCCTCACGCCGGCTCCCGGGGGACCCAGGCATTCCGGCCTCCCGCCGCCCCCTACGGGTGCGCACAAAGGCATCCATTCATGCCTGTTTACAAAGCAGCCCATTCACCCTGTCCCCTTGAACCAGCAGCTGCTGGCCGCTCCCCAAGCATCTCTATTGGTGCTTCCTGCTGGCCATCAGGCCCGGGTCCCGCCTACTGCCGCACATTCTCGGCCAGGTTCTTTTCCCACGCCTGGCACGCTTTGCCAACTTCTGATTGGCCTGGCGCGCCAGCCGCTCTTTTTGATTGGGCAGCACTGAGCCCCAGGGGCGAGGTCTGAGCGGGCCGCAGCAAGTGCTGATTGGTCTGTAATGCCTACCTGTGGGTGGGGCCGTCCACTGCAGGCCCCGCCTCCTTTTCTGTCCAGGCCGAGGCCTCTGGACCGCCCTGGGCGCCGGTGAGTGTCCGGGGACCTCCCCCCCGTGGTGCGCCCCAAGGGTTGGCCAGAGCCTGTCAGACCTGGGGAGGCCG,-11.2
Myh14,CCACAAGTTTATCGTAGGCATGATCACCCGATGTCTCCTCCTCGATCACCTTCTCGATTGAGGAGAAGACCCAAGCCTGAGGCTGGCATAGCATTTTGACATCATATCTGAGGATTGGGGCATCCCACTTCCAGGGTTCAGGAAACTGAGATTCTAAGAAAGAAAGAAAGAAAGAAAAAAAAAAAAAAAACCACGATAAAACAGAACAGAGACCTGGGTCCTTTTCCTCAAATAATTTTTGTTGATCTCATGAGCCTCAATTCCTAGCGAAGAAAGTGAAGGTTCAGAAGGCTGGAGGGAGATTCGAACCCTAGCATACTTAGTCCGGCTCTGTGCCAGCCCTTCACCTTTGCCCACAGCCGCCCACTTGGCAACAGGTTCTATCTTTGCTGGCTGCTGTGCCAGGCCCCGCCCCCCGCCCAGCCCGGCAGGTGTCAGGAGACGTCAGAACCCGGTCCTGCCTTCCTGACGGGAGAGGCCCCACCTCTTGCTGGACCGCAGAGCCGGCCTCACCTGGGTGCTGGAGAGGATCTGGACTCGGAGGCCTCCCCATCTCTACCGCCAGGCGCCCAGGTAGCCTCGGGATCCGCGGGATAAAGG,-11.2
Myh10,CGGCTCCCACCCACTGAAGCTCCAGGGTGACGTCAGGCCTCAGGACCGCGCTCCGGCCCCGCCCCTGCAGGCAGCTCCGGGAGCTGGCGATTCCTCGGCGAAAGCCGGTCCCGCTGAGGGACCCAGTGGCTGCGGCAAGCCTACGGGCCGCAGAACGCTCGAGTGGGTTGCAGCGGCGGCCCGACGCAATAGAGAGACGTGACCAGTGGGAGCTGGTGACTTGTGCTGCGGTACACCTGCCCCACTGTCCACCCAGCCCTGACTAGCGCAGCGCGCACACCCCAACAAGATCGGCGATCTCTGCCTCGCGGGATCGCCAGGCTCCTAGTTTCAGCTGTCCATCTCCCTCCAGAGTCAGCCAATCACCCGCCACTGCCCCGGCCGCACCTCCCGGAGTCTCTGACAGGCGTGAGTAGCAGCCTATGAGATTGGGAGTCTGTGGGTCTAGGTCGGGAGCGGGAGCCAATGAGCATCATTCCAGGTGGGTGGAGGGAGCGGGACTTGGGAAGGTAGCTTCGTTCGGGTTGCTAACGTCTTTCCTGGGAGATGGGCGCGCAAACCGACCAGTGGGTCTGGGGGCGGCAGTGATGGGCGTGGAGA,1.8888888888888888
Myh6,AGGTCTGAGAGAGTAGGAGGCTCCCCTCAGCCTGAAGCTATGCAGATAGCCAGGGTTGAAAGGGGGAAGGGAGAGCCTGGGATGGGAGCTTGTGTGTTGGAGGCAGGGGACAGATATTAAGCCTGGAAGAGAAGGTGACCCTTACCCAGTTGTTCAACTCACCCTTCAGATTAAAAATAACTGAGGTAAGGGCCTGGGTAGGGGAGGTGGTGTGAGACGCTCCTGTCTCTCCTCTATCTGCCCATCGGCCCTTTGGGGAGGAGGAATGTGCCCAAGGACTAAAAAAAGGCCATGGAGCCAGAGGGGCGAGGGCAACAGACCTTTCATGGGCAAACCTTGGGGCCCTGCTGTCCTCCTGTCACCTCCAGAGCCAAGGGATCAAAGGAGGAGGAGCCAGGACAGGAGGGAAGTGGGAGGGAGGGTCCCAGCAGAGGACTCCAAATTTAGGCAGCAGGCATATGGGATGGGATATAAAGGGGCTGGAGCACTGAGAGCTGTCAGACAGAGATTTCTCCAACCCAGGTAAGAGGGAGTTTCGGGTGGGGGCTCTTCACCCACACCAGACCTCTCCCCACCTAGAAGGAAACTGCCTTTCCTGGA,-123.33333333333333
Myh13,AACCTCCAAAATAGGTCTCAGGAACAGCCAGAGTTATATAGTGAGTTCCAGGCTAGTCTGGACCACATCACCCTATCTTGAAGAGCGGGGGGGGGGGGGGGGGGGGGGGGGGGATACAGTGTTACTCAAAATTTCTGTTGCTCCTTTGTTCTTAGGGTTCCCTGGAACACGAGGAGAGCAAGATCTTGCGAGTCCAGCTAGAGTTAAGCCAGGTAAAATCTGAGCTTGATCGCAAGGTCACAGAAAAGGATGAGGAAATCGAACAAATAAAAAGAAACAGCCAGCGTGCTGTGGAGGCCATGCAAAGTGTGTTAGATGCAGAAATCCGAAGCCGCAATGACGCCCTGAGACTGAAGAAGAAGATGGAGGGTGATCTCAACGAGATGGAGATTCAGCTGAGCCATGCCAACCGCCAGGTGGCAGAGACCCAGAAACACTTGCGCACGGTCCAAGGCCAGCTTAAGGTGAGCACCAGCCAGTTTGGCAGACCTGTGGGCTCATGGTTCACCCTGAAGCTCTGCCATCACTCCTGGTTTCCCTTGAAGGATTCCCAGCTGCACCTGGACGATGCCCAGAGAAGTAACGAGGACCTCAAGGAGC,38.666666666666664
Myh7,CTCAGCTGCTGTGACCCAACCCCTTCCCACCTCAGACAGATGCAGGACTCAAGCCAGGAGTGTGGGGAGGATACTGGAAATAGGGCCAGGCTAGCACTGGGGGCAAGGCTTCTAAGGGGGCAGCAATGCCAGGGTCAGCAGGACCCTCTTGCAGGCCAGCCAGGGCCCTGCCTGCTTGAGGTCGTGGTGGTCGTGGTCAGCTTACTCTCTAGTGAGCCGTGGAATGTTAGAGATATTTTTGCTTCACTTTAAGCTGCCCCACCCCCTGGAACTCAGACCCTGAACATGCCATGCCACAACAATGACGACCACTTCCAATTGTTTCCTAGCTGGGGGAGGAGGGGGGAGTACTGTTTGGACAAGGGAAGGGGGGGAGAGTCGGGGGAAATGCTTTTAGTGACAACAGCCCTTTCTAAATCTGGCTAGGGACTGGGTGCAGGTGGGGGATGGGGCACCCTGCTGCCCCATATATACAGCCCCTGAGACCAGGTCTGGCTCTGAGCATTCTCCTGCTGTTTCCTTACTTGCTACCCTCAGGTAGGAGTGGGAGCTGGAGGCTTCCCTCTGGGATAAGGGGCTCCAGGTTCAGGAAGTGATTCC,76.29411764705883
Myh1,AAGCTTTGAAGCATCCTTCAAAAGGGACAATGAATTGAAAACAAAACCAAACCAAACCTGTCTTCTTGGGAGGAAGCAACAGTTGTTGCAGCTACACTGAGGAGCAGAAAGCTTCCTTGGTTTAATATTGCAATTGTGTGGCAGCTGATGAGCCTTCACAGAGGGCACTCAGTGAAACAGAAGAACTCCAGGCAACAAAGTGCACGGATTCCAGAACTCAGCAGTCTCTGAAACAACACCTTACATTATTCCAAGGACGGATCGTTTTCCTATCACCAACAACTCAAATTATTTATAGGAGATTGATTCATATACTTAACCCAATGTGAGAGGGAATATTTCTAATTATATCCAAACATCCTTAATATGAGGGGAATTAGGCTTGGAGACCTTCCTTGCCAAAAACACATTTTGCCAAATATGTTTTAAGAAAGAGGAGGAGGTTACGTGTTTTCCATATTTGATCCTATAAAAGTACCCCTTGGAATGAGAGTGACTTGTCTTTCCTCATAAAGCTTCAAGGTAAGAGTGTGTGAGGACAGGGCTCTGTGTGGACGGGAAGGGATGCCTGGCTGCTGGTGTGCATGCCACACATCCTGG,-134.11111111111111
Myh11,AAACAAGTTTCCCTTTCTTTTCCCACACATTCCCAGCAGTCACTGGAGGATATGCGGTGACCTGCTTTGCACCTTGCAGAGTTCAAAAAAAAAAAAAAAAAATCACCTTTCCCCTCCCTTTGCTAAACACAACCGCCCTCAGATCTAAGAGGTGGCAGGTGAATGAAGAGGGGATGAAGGAGAGTGGGAGGTATCAAGCCTCCAGTATGTATGAACAGGAAGAGGTTAAAATCCAGCTGGAATGGACCTAGGGGGAGAAATTCTCACGTTTCCCTACAGACTCTGTATACCGGATTCCTTTTCTGTAAGGACCCAGGATCTGGGTGGCTACAGGGAGCGAAGCCTGAGGCTGTGGGTCAGTGCGGCTCTGTTCCTCACCTGCAGGGGGCGCCGCGAAGGGAAGAGGATCCTCCCACTCTCGGACGTCCGACAGCCACCTCCCCTTTCCACTCTCAGATAGCGCTGACTCTATAAAGCCAGGCGTCCGAAGCTTACAGAGAGATTTGGACCATCCCAGCCTGGGATCAGTGCCAGATCCGAGCTCTCCATCCGGTGTCCTCCTGCTAATCCACCCCCGGAGTAGATCTGTAAGTAGAGTTG,-88.66666666666667
Myh8,GTTTGCCAAATTGAATATAACTCTTAAGAACTAACTTATGAGAAGGCCCACCAGGCGCTGTCAAAGATTCCCTTCCCAACACACTAGAAAGCATTCTCAGAGGGCAAAATGGTCCTTGTCAAATTATTTATAGGAGATTGGTTCACATACTCTGAATGATATGAATACTTCTAATTATATCCGAAGATGCCAAATGTCGCTACAAACTTCGCCGAGGGTTCCTGTTGCCAAGTGTTTGGCCCTGACAAAGAGGAGGGAGCTGCAGCATCAGCACTTCTGTTCCTATATAAGCAGGGCTGCCCCTCACACCCTATCTCCGCCAAGAGCCCAGAGGTAAGTGATGGATGGGAGCCTTGGGAGCCTGAGGACCCTGGGGGCAAGCAGCAAGAACCCAGTGGCTGTCTCCGAGCATGAACCAAGTCCTCTTTAAGCTTGAGGGTAGGGGAACTTTTAAACTCTATACTATATGTGCAGGACTGCTGATCATCACTAACGGGGACACTTCTTGTTTCACAGTGAAGGACAGGCGTGACTCTACGTTTTCATCCAGAGCTCCATAGGTAAGACTTGGATTTCTTCATTTGTTGATGACAGAGGGGA,-77.66666666666667
Usf1,CTGGGTACACCCAGAATGAAGAAAATGGTAATCAAACTCGTCCCCACACGTATTTAAGAGCCTGAGGAAAAGCTATGAGGTCTTTGGAGTATTGCTGACGTTAATACAAAGGTATATACCCAGATCCACGTACACTCAGAAATGTCCCAAAGTCCACTTGGAACCCCCTCAAAGTGATGCCCTGATCCAAGATGGCGTCCCACATTGCCCTTATGAAAGATGGCGCCTAAGATTGCCGTTCCACCCTCTACTTCCTTTTACTGGAAGTAAAAGGGCTCCGCCTACCACAAGGATGGAAGTACAATTTAGTCGGGTTTTTTTTTTCCTGGTTCTTACTGAAAACAAAGGCCTCTAGCGAGGTCCCCAAGGATACCGTCTGTTTCCCTTCAGAGCCTGCGACCACTCACGTACCCACATCCGCTCTAGCGGGCATCAGATTTGAAGCGAGCGGAAGTGTGGCAGCTCGGGGGGCCGTCCGTCGGCTGGGCGGGTCGAGGGCACACTTCCGCCCCTCACCAACATGGCCGCAGGCTGGGACTGCGCATGAGCAGCTGTCTATGGAGAGACCTAGATCCAAAGACGGAGAAGGCTGCCGGGGGA,-34.2
Treh,TCAGGACTCAGTGCAGACATCATCTTATGGTGGGGCTTCCTGATCCATCCCCGAGAGGTTGTCCTGTGTCCTCACAGGGTCTCCTGTAGATAACAGGGAGTTTGATAAAGCTTTGGAGAAGACTTGAGCCATTCTGTTTTAAGTGATAAAGAAATGGTCCCTTCTGGCATTAGAGACTAGGGAGCCACACACAGACTCAGTGTCTAAATCATACTTGGGTGACCTCAGTTGTGGCCCTGGCCCTTGGGTGCCCACCCATATAACTCTGAGCAAAGTCCCTGAGCATGTAATACCAGTTAGAATTGAGAAATGGAAGAAAGTGGCTGATGGGGTAGTGAGCACTGTAGCTGGAGGGCAGAAGTGGTAAGCAGTCCACAAGAAGTTGAAACACACATCTCCCCCCTCAGGTGGCCACACCTCATAGCCTGGACTTTGGCTGACCTGGGTAGGCAAGTGAGGCAGGCCGTGTTCAGCAAGCCAGAGGTGCCAGGGTTTGCTCATTCCGTTCTAGGCACCGTGCCCAGGATGACCTGGGAGCTGCACCTGCTGCTTCTGCTGGGGCTGGGACTTAGGTCCCAGGAGGCCCTGCCACCACCCTGT,-78.33333333333333
Ubtf,AGGACGATTTCTCTGCGGGGACTGGCGGCGGCGTACACGCCCGGGTCGGGCGCTGCAGAGCTTGGCTAGCTTTCAACCCGCGCTCGGCGGCTCCAGCCCCGCGCACCCCCGCCCCCAGCCCTGCCGGAGGCCCCGCAGGTGAGTGGGAGCTGGGAGCCAAAAAAGAGCTAAATGTCGAAAAACATCTGCCTTGGAAAAAAAAAAAAAAGCAAAAAACATTTTTTTTTTTTTTTTTTACTATTCCTTTTTTTAAAATTTCGTGCAGCCCCCGAGCGGTGGGAGGGAAGGGGTGAGGCTGAGCCGCCCGGAGGAGGCGGAGGGGCCAGGCGAGGCCGGGGCGGCCCGGGAGGCGGCGGCGCCAAGGCGGCTCTGACGGGCGAGCGCTCGGAGCGGCGCTGCGCTGCGCTGCGCCGAGGCGGGCGGGCGGGCGGGCGGAGCGGGGCGGGCGGAGCGCGGCGCGTGGGGCTCGCCATTAGCCGTCGCTCCGCTTCGCCATCTCGGGCTTTGTCTGGAGACTCGCTGCCCGGGCGCCGGCAGCTGCGGAGCTGCGGCTCGGCTCTTCCGCTTGCCGTGCTGCCTGGCGCCCCCGGCCCTCACTAG,-21.58974358974359
Osgin2,GGAGCGGCGCTCTTTAAGAAGGGAGGCTGAACATGGCCAGGGGGAGCGCCAGGCGAGCGGCCGGAGCACCTAAGGTTTGTGGGAGTCTTTGGGTGGCCGCGATGCGGGGGCCGAGGCCAGATGCACCCGAGACAGTGCGAGGACGTGAGCTCAGGTAGGTTCTCGCGGCCGGACTTCCCTGAGACCCGCAGGCCTGAGGTAGAAGCCTCCCCTCTTCTGCTCCGCAATCCCAAGAGCGGGCACCGAGAACGCACCCCGAGCCCCGAGCCTAGGCCTCGTGAGGACCCGGACCGCAGCGCCGCGGCCCTGCGCATCCCTCTCCGTGGACCCGCCCCTCGCCGCGACTCCACCAATCGGCGGCCTCGTCCACGCGCCGCACCTGGTGGGCGGAGCCGCGCGTCGCCGTCGCAGCGCCCGGTCCCGCCCCCAGCGCGGCGCTCATCACTCGCTGCGCCGCCCTGCCGCCGGCGGGGAGGAGCGGAAGCCGCTGGCCGGGGACAGACTCCCGCGCCTGTGAGCCGCGGTGCAGGCAGAGCGCGCGCCGGGACCAGCCCGCGGTCGGCCCTCCCGGAGGACGGCAGCCGCTCTCCATGCCTGTGT,-66.71428571428571
Fubp1,ATGGGCAGAGGCAGCTCGGCGCCCCGGAGCATGGTGGGCTCCCGCCGCCGGGCCGCAGACGGTTCCGCAGCGTCGCCGCGGACGCCCCGCACGCCCCGTGCGCGCGGCCCTCGGGCTGTGCGGCCGCGCGACACTGTTGCGTGACGTCCCCGCCCGACGACGTCAGGCCCCTTACTACGGAAACACGGAAGGACACTAGCTAGCTCCCTGATCCGCGACGGCCTTTCCAAGTCCCCTACAAGCGCGGGCGGCACACTTCCCGGGCGCCACTGCCTCAGCCGCCGAGGCGAGGGAACAATGGCCCGCACTCGCGCTGCGAGGAGGCGCCCAGAGAGACCCTACTCTCGTGGGAGCCCGGTCAAGTCTCGCGATATTCTTCGCCCGGCGTCCCTTCTCTGTACCCTCCACCCCCTCTTCACCCCCCGCCAATCGCGCGTCAGCGCTGAAACATCGCGGGATTTCCGTCTGCCAGTCTCCGCCCCTTTACGGCACGATGGTCGTGCAAGAATGTGATAGAGCCTCGACGGCCGCCATCTTCTTCCTTTCTTAGCAGTTAACCGAGAGCGGCGCCTCCCTCCGCGAGGAAACGGCAGCGTGTGC,-19.666666666666668
Fubp3,GGAGCCCTGCCGTACTAAGGGTCCTAGTACCAAGTAAGGTGCTCAATCTCAGTCAATGCAGCACACCACGACCCCACTTCGAGAGGGAGGGGGCTGCCAGTGCACCTCGACGGCTTGGGTAAGGTGTTGGAAGAGCCAAGTCCAAGTTTCTCCTCCGTCAGGTGGCAAAACCACACAGCGGGGGACTATAAGGCCGCACCTGCGCCGCGGTGGCGGTCCCACGCTTGCTAAAGGCCTGGGGCCCACGCCTTTGGAGGGCGGGGTCGCAACCTGGTCTTTTTGACGGACATCTGCCTGTGCCCAGGGCAGGCCCCCCTCGCGCCACGGCCACGCCCCCACTTCCGGCCGGACAGCGGTCACGTGCTTTGAGACCCCGCCTCACAGACGCTGCTTTCCCCCAACCTATCTCTCTCTCTCTCTCTCTCTCTCTCTCTGTCTCCCTCTGAGCTAGCAGTGCCTTCCCTTCGCTTCCCTTCCGCCGGAAGTGGGGCGACTTTCCCTTTCCGGCTACGGGTCCCGGAGCGGAGTGGGAGGCCGGACCGGGGGAGCCGAGCGACGGCGGTGGCGGTGGGCTTGGCTATGGCGGAGCTGGTGCAGGGG,4.0
Treml1,GGTGGGTTTGAAAGACACAGGCAAAGACAGGTCCAGGGGTTTCTAGGGAAGAGGTTGTGGTGAGGGAGTGGGGGTCCCCTGGGAGCTGGGGTGGTATGTGTATAAGTAGAGTCAGGACAGGAGAATTACCCATAAAGACTTGAGAATCAGATGGCCCTGGGCCACATGGACAGCTCTTAAATTTTCTCCCTCATGGCTCTTTCTTCGGATCTGTGTAGGAGACTGAAGATTATCTCTCCTTATTCTCCTGCCCTCTGGTTGCTGGGTCCCCTCTCCATTCCCTTTGGTGGGGTATCAGACCCTCTTCTTCCAACCTCTCCCTCACTTGCCTACCGGTCTCTCGGGGCCTTCTGAACCTTGAGCCAAGAAATCTATGGAAAAGTTCCCTGCCCCAGTGTAACTGTCAGCCTCGATGGATAGCTGGAGCGCCCACGTGACTGTATGAGACAGATGTTTCCTGCCCCCAGGGGCCTGCAGTTTTAGAGAGGAGGCCATCCTCAGAACCTACTACTGCCCAGCCATGGACTGCTACCTGCTGCTGCTGCTGCTGCTCCTGGGACTAGCAGGTAAGGTGCAGATGTAGCCACGCCTCCTTCACCA,0.0
Mier1,TCCTCGACAAACTCCGGTCTAGCACGGCAGCGGGAGTTTTTACACAGACCGAATCAAGCCAGAGGATCCGGCGCTGCCTGGGGGGCTCCGCGGGATCGAATGCGTTGGGAACCCCTTTCCAAACCGAAGGGCTGGCTGTCTCTCCGGGATCTAGAGGAACGGGCCACACGGATCTAGTGCGGAACTTACGCGGCGAAGCTGGCCTGCTTGCGGGTGCTCGTCGGAGAGCTATGCATGGTGGTGACTTTTTAGACCAGGGCTCGGCGCCCCCTTCCCCAGCAGGTTCGGCGATGCCCGGACTCCCAACTGCCCGCTCAGCAGCTCAGGAATGTTTGCCGGGCGCCATGGCGACCGCGGAGCCTGGCTCAAGAAGCGGCCGCGCGGTTGGCTGGCCGCTCGAGGTGGAGGAGGAGGGCGGAGGCGGAGGGGAGGGTAGAGGGTTGGTGGAGCTGGAGGAAGCTCGGGCGACGATTCGGAGGAGGCGGGCGGCCCAGGCCCTAGGCCCCTCCCAGGCTGCGAGTCTCCCGGCTGCAGGCGGATGGATGGGGCGTCTCCAGGCGGCGGCGGCAGCAGCGGAGGCGGCGGCAGCAGCGGCGGCTG,1.1666666666666667
Tff2,GGAATGCAGACTGGGTCCCCTGGAGATGCTCCCCCTCCCCTGGGAGGCTCCTGGATATAATGACCTTCTCTCTCTGTGCTCTTTGTTTCTCCATAGCGTCATTCACTTCAAATATTTAAAAAACAAAACAAAACAAACAAACAAGAAACAAAAAAAGAAAACAAACAAAAAACAAAACCTAAGAAGTCTCTACAGTAGGCACAAACCTTACCCAGAGTAACACCACGAGGCTAATCCCTTCCTGGGTGTGACCCTGTGGGTGCCCTATTCCAGTTGCATACGTGGCCCATTCCCCTTTCAGTAACCTGGCACGACCCAGCCTGACCCAGCCCATGTCCGGAGGGGTTTTTCCCACCTCCTCTGGGCCTCCACTTGGAGCCATGTCAGCTTTTCTGCACAAAGAACCTAGGAGGCTTGGGGCCACGAGTAAGGGACAGTTATCAGGGCCATTGAGCAAACAAACAGGAGCCAATAAAATGCCAGCTGGTGGGAACTGGGCATTCTGCAGGCTGCCCAGGTCCAGTGGAGCAGACATGCGACCTCGAGGTGCCCCCCTGCTGGCAGTGGTCCTGGTTTTGGGACTGCATGCTCTGGTAGAGG,8.0
Trex2,AACAAAGCACAAGTAGGTGCTTCTGTCACTCCTGAGGTCATGGCAACCCCACGAAGGGCAGCCAGGTCCCCACTGATGGAAGAAACCAGGACCTGGAGAAGAGGACCTGTTGCCTCTGAGTAATATGTCCTGGCATAGGGCTAAGCATTACACCTGGTTTGTCCAGGTCTGCCAACCACAAGCCAGATCTGATGAGACTTGGCTGTAGGGTTTAGCAGAAGCCACAGTCTTCCATCACACTCTGACTTCCTCCTGCCTGTGAGGACACATTCCTTCGGCTCGTGACGGTGCTCATCACTCACCGGAAGCCTGTGTGCAGTCAGAGCCTACTTCTCAGTCTGTAAACATAGGGCGTGTGTCCTGGTGGCTGCAAGCTCATGAGGGGGTGGCAAGCAAGCCGGCCGCACAGGTCCTGCAGCCTCCAGTCTCCTGGTTGCCCAACTGGCGGCTGGGGGCGGGCTGTGTCCTCTGATTAAAGGCTGCCTGGAGCAGCCTGTGCAGAGACAGGTGCCCAGCAGTCCAGGAAGCCAGCTGAAGCCCGCCCCAGGTAAGCCAGTGTGATGGGGATAGGTGGATAAAGCCACGAGCCTAGAGGCAGGT,-37.5
Trem2,GGGATAAACTTGCTTATCACCAATAGCCCCACCTTACAGATACATGGTTTGAAGCACAGAAAAGTTACAGGCCTGAGCGCACACACAGCAAATGGGAACTCTGGCACTGGTCTGCATCCATACCTGCTGCCTTACACAATAGGGTTGTGTTCTGGTGACATGCCAGCCTCCTAAGAAGCCACTGTCCTCCAATCTGGGGGAAACTGGGACCAGTGGAGATGGCAGACACCCTGGCTACAGCGTCAGGGTAATGACACCCCCCCTCAAATGAGGCTCTGCAAGGAGATAGAATAACCTAAAAGACTGTCTGGCGCCAGCTATGCAGGGCCACCCATGCCAGCCTTGCGGGAAAGCAGCTGACCTTTACTGTAGAAGCCTCCTTTCCTTCCTCCCTCCCTCACGCCCTTCTCCCTCCTTGAATCACAGCGCCTACCCTAGTCCTGACTGTTGCTCAATCCAGGAGCACAGTTCCTGTGGGCTGAGCCTGACTGGCTTGGTCATCTCTTTTCTGCACTTCAAGGGAAAAGCAAGATCTTGCACAAGGTCCCCTCCGGCTGGCTGCTGGCAAAGGAAAGGTGCCATGGGACCTCTCCACCAGTT,3.5
Trem3,ATTCCCAGAAGCCACATACAAAACACCAGATGTGTGGTGTACGTACATCATCCAGCCCTCGGGAGTCAGAGACAGGCAGCCTAGCCTTCTTGGTGAGGCTCATGCCAATGAGAGATGCTGTGTCAGAAAAACAAAGTGAATGATGTCTAATAATGACATCTGCTTGTCTCCTGCTTTTGGGAGGTGAGCAAATCCGAATGTTCAGCCTCCTTGGCTTGGGGAGGACGGTGTGAGGGGTCGTGGATATGACAATGTTCTGGTATCCAGAGGCAGTGAGTGGAACAGTGTAGGGACCTCAGGTGTGGCAGAGAACGGCAGCCAGCCACAGAGCGTTTCTCAACAGATTGTGGCATCAAAGGAGGAAGGAGGGTGTCACAAAAAATGGGGTTCTCTCCTTTTCCCCCTCCTGTGTCTCCCAAGGCAGCTTCCTCTTGTCACATTTCCCTTGGTGTTTCTCAATGGGACAAAACAGCGGAACCTGTGAGAGCAGAAGTCGGTCAGTTTCTATGTGGGGAAGCATGCTCCAGCAACTGTAAGTGATTTGGCCACTTGCCTTGGGGCCATTGGCAGTTAGCACACCAGGAAGGAGCTTCATACAGA,-7.857142857142857
Trem1,AGGATGCATCATGAGCAAGTGGCCAAGAAAAGCTTGCCCTGAAGACAGACAGTTACAGCAGAAGCAGCCCAGGCAGGACCGAATGGCAAGGAACTTTGGCTGGGAAATAGCGAAATAGCATAGAGGGTTAAAAAATGTGAATATCTGCCCAGTTCTAGTGCTTTAAAGCTTGTTGGAAAGATCCAACAGGCCTCTGTCTCAATTACTCAGGAGCTAAATGGGCTGGGGTAGGGTGGGGTGCGGATTCTACCCATCCCCCCTCCCACAAAATTATTACAATACAAAAGAAAATAATTTTCAGAGAAGAGGAAACTGAGGTCCCAAGAGCTTTAACTGAGGTTTGAGCACAGTCCCCTGAACTTCCTTACTGATGTCAGCCCGCAGGGTGGCCAGTGACAGTACCTTACCTCCCAGGAATGGCCTCACATCCTGTTGTGAAACTTTCCAGAGAGTCTGGGTACAAGGGTGTCTTCTAGCTGTCCCAGCAGCCCACAGAGGCAGTCGTTGGAGCTGAGCTTGAAGGATGAGGAAGGCTGGGCTCTGGGGACTGCTGTGCGTGTTCTTTGTCTCAGGTAAGGCAAGCGGGAGATGGGAGCAGGT,0.0
Ndrg3,TGCACAATTAACAATGAAAATCTTTAATTGTTGAGTCAATAATATGTTCAGTCGTTTTTTGTTTGTTTTGTGTGAAGTAACCAACTCTCTTGTTCTACTCAAGAAGGAAATAATATGGCTGCCATTTGTAAAAGATGGAAGAGGACTAGGAATTTGATTCCTGGAAATCGAATCCCTGAGGCTCAGGAGTGCCAGATGATCTTGAGTGTAGCTTTAAACCTTGTTAAAACAAGTATGTCATGGCCCATAAGAGCTTACTAATAATTCAACCATGAGGGAGAGGTAGGTGTGCAGAGAAAACATTTCACATCCCCTCCTGGCAGTTCTGAGCAACAGCCTCCGGGACACCGCAAGAAGAAAAACTACAGCCAAGATGGCGCTGCTAGAGACTCTGTAGGCCTGACCACCATTTTGTCTGTAGTTCCTAGCGTAAGCAGGCGCGTTGCGCATGCGTAAACCCCCGGCATCCTCAGCGCGCCTGCGCTGCGCAGCGCCCCCCCTCCTTGCTGCTGCTGCTGCTGCTGCTGCTGCTGCTGCCGCTGCTGCTGTAGATTGACGGCCCCGCGCTAGCGCTTCAGGTGAGTGAGCGCCTCTACCACA,32.42857142857143
Treml4,GGTGGCTTACAAACCTTCCAGGATGACAACATACTGGAGGTGAGGGCCCTGACTTATCTTAGTGATGGGGATTCCCAGGACTCTGGGCACACCTCTAGGGACCTTTGACCTTTCTCAGGGAAAAAGAAAAGAGGAACAGGCCTCTTACTTCTCATATTGTTTTCTACAATGTTCTTTTTTTTTTTTTTTGTAGCAATAATGGAGGAGTGTGATTGGTGGGTGGTGTGGAATGGCTGAGATGGGACACGGATGAGCAGGGGTGAAGAGTGAGGGCCAGAGATGGACCCTGCAGTTAGGAGTCCCCAGTCCAGGCCTGTCCACTGTTCCTCTCATGTGTCCACAGAACCTATCTACCTAGGTCAACCACGAGATGGACCCTGCAGTTAGGAGTCCCCAGTCCAGGCCTGGCCACTGTTCCTCTTATGGGTCCATAAGCCCGCCTTCCCAGACTGGCTACTTCCCCAATCAAAGCTCTGATCTTCCTTGGTTCTTACATCTCACAGATGATGAGACTTAGGGGAAGACTTGCCTAGTTCAGAGGTCTCCTCCTTTTCTCCTCTCCTCTACTGACAGAATCTGGACTGGTATGGCCTGGAGGTA,-0.2
Serp2,TCTTGGCTCTTCGTCCCATGTCACAAAGGGTCTCTTTTTGCACAACCCAACTTGCCAAGTGGGGTTTCCTCAGACACCTAAAGGGCAGGTTCTTTTGGGGTGTTTCCCAACAGTACTACCCAAACCTGGCCAGGCTCAGCTCTGAGACTCAGCGCTCGATGCCTAGGGTCTAGCCTTCAGCTTGAAGCACCAGCGCCCCAATCCCTGCCTGTCCCGAGGTGGTCAGGAAACAGTCAGAGGTCACCAGGCTGGGTGCGGCTGCGTCCCCACCCCCCACGCACGCACAAACGCCGGGTCGCCCGAACCCTATGCCCCGCAGCGTTCGATCTCAGGACCCGGACACCCCGGGCCACGGTGCCCTTGGGCTTGGCGCGCGGCGCTGTGTCAGCGCCCGCCTCTCGCTTCCCGCCTCCTGCCTCGGTGGCCGCGCAGGGTAGGTAGCTGGGGGGACCGGAAGGATGGCGAGGAAGTCGGAGAGGGTTTCCTGAGATGAGAGATTACTTCCGTCCGCGCGCTGGCCTCTCTCTGGAGCCGGCTGGCTGGGGCTCCGGGAGCGGGGTGCGCGGGGCTCGGCCGTGCCTTGCCACCTGCAGCGCCCGG,13.25
Tff3,TATTAAGTATATTTCATTAAAATATATCGAATAAATATTTCAGCTATTAAAGTGTAGCTAATGATAAAAAAAAAATGGCTTTTCTGGAGAAAGTGCAAAGCTAGAGTTTCCACCTTCACAAGTGACAGACGAGATTGGTGGTGATGTGGACAAAGTAACCCAGGGTCTTCTTCATTGTTCTCGGTGAGGTGGTTGAGACTAAATGTCCCTGCCTAGCCTGTGGCTCTGTCCAGCCAGTGGCCTTGCCTTACAGCATCACAGAGTCTGCTTCTAGACTAGGTGTACACATTGATTGACAGATCTGCCATGGCTGTCCCCACCTCTTCCTGGTCCTTGTTTTCCTCCCTAGCCCTCTCCCCTCCCTCCCTGCCCCCTCCCTGTGTCCCCAACTTAGGACTGGGGAGGAGTCTTCTGAAATCTCACAGGAGAGAGAGAGTCCAGAGTCCACAGAACCCAGCAAACACATGGCTATAAAAGGGCCGTCCTTGTGACCTTGCACATCCTGTGCAGTGGTCCTGAAGCTTGCCTGCTGCCATGGAGACCAGAGCCCTCTGGCTAATGCTGTTGGTGGTCCTGGTTGCTGGGTCCTCTGGGATAGCT,0.0
Trerf1,CTATCAACAGCATAGAAAGTGAAGGCTGACACCTGAGGTTGTCTTCTGAACGGCACACGAGTGTCCTGGCACCAGCACTCACTCACACACACACACACACACACACACACACACACACACACACACACACACACACAGATCCAAAGGCAGGTCGCTCTCTCCCCAGCCCCAATCATGTTGATTTTTTTTTTTTTTTTTTTTGGTTTTTCGAGACAGGGTTTCTCTGTGTAGCCCTGGCTGTCCTTGAACTCACTCAGTAGACCAGGCTGGCCTCGAACTCAGAAATCCGCCTGCCTCTGCTCCCGAGTGCTGGGATTAAAAGGCATGTGCCACCATGCCCGGCTACATTGAATTTTAAGAATGAAAATGCTGAGGGCTTAAACCAGGAAGGTTTAAATCCAGTGGGGGTTCATCAACTGCCTAAAAGACTCTAAGCAAGTTACTTTAAAACTCATTTTTGCCCTCTGTGAAAAATGCTTCATAGGACACTTGTGTGAAGACTTCAACTTCTGACAGACCCAGCTCTTAGGTAGATATTTTAAAAACAAACAAACAAAAAATACGTGTGTTATCTCTTATAATAGCGTCATGGCTTTTGTA,-114.27777777777777
Snurf,AATTAGGAATCAGGATAACTTTTTTTTCTGTACAGAATTTTAAGTATCTGACAATTTGGCTGGGCTTCATGTTTGATTGTGTGTGTGTGTGTGTGTGTGTGTGTGTGTGTGATACACTATGTAACATGATATAGCCTAGAAACCAGTCTTCCTCATATTGGAGATCAAACCTTTTTTCCTCTCCCACATAATAAAAATCTGTGTGATGCTTGCAATCACTTGGGAGCAATTTTTTTAAAAAATTAAATGTATTTAGTAATAGGCAATTATATCCATTATTCCAGATTGACAGTGATTTTTTTTTTTTTAATACACGCTCAAATTTCCGCAGTAGGAATGCTCAAGCATTCCTTTTGGTAGCTGCCTTTTGGCAGGACATTCCGGTCAGAGGGACAGAGACCCCTGCATTGCGGCAAAAATGTGCGCATGTGCAGCCATTGCCTGGGACGCATGCGTAGGGAGCCGCGCGACAAACCTGAGCCATTGCGGCAAGACTAGCGCAGAGAGGAGAGGGAGCCGGAGATGCCAGACGCTTGGTTCTGAGGAGTGATTTGCAACGCAATGGAGCGAGGAAGGTCAGCTGGGCTTGTGGATTCTAGT,69.0
Osgin1,ACACTCACATGCGCATGCACGCACACATGAGGGAGTCCAACTCAACCCCACTTTTCAGATGGGGAAACTGAGGTTTGTTCAGAGTCTCCAACCAGGAAGTCGCTGAGTGGGAGTTGTCGGGGTTGACCAGTGACTGAGGGTTTTTTCTGCACACACCCGTGTCCCCTCTCCCCACACGCTGGGGTGGGAAGTGAGTGGAAGATCAGAGCTTTCTGGAGTTCAGAAGCCAGCTGGCCAGCTATTTCTCAGAAGCCTACCACTCACTGGTAAGGAAGAGACCTAGTGGTCTCTTTCAAGATTCCCTAGTTCCTCCTTCAAACTGAACCCGGGAAGGGAGGAACTGGCCAGCAGGGGCCCTTTAAGACTGGCCAGGGCCAAGTTCATTCACCCAGGGGCCCCTGCTGACTCACGCTTATGAAAGTGATTTTCCTGGTCCCGCCCCTGCCTCCGCCTCCTCCCTGCCCCGCTGTGAAATACCCCTGCTAGCCTTGGGCCTCGCACAGCCTCTGGGATCCCCAGGGCTAATGGGCATCCTGTTCTTGCAGCAGGGCACCGTGACAAAGTCTCTCACCGTGTGACCAAGTTCCTCTGAGTGTCCAG,-18.333333333333332
Ndrg1,ATAAAGTCTGCCGTCTAGGCTGTAAATGGGGCTCGGGAGTGACTGCGTGGAGACCCGGAGGAAGTGGGGGGTGCCGCCCAGAAGGGCGTGGCGCGGGCAGAGGCTTAGGAAACTCAAAGGCTATAGGGGGGCAAGCGGTCGCGCAGAGAGACACAAGGGAGTCCTTATGCACACGCGCACGAGCGCGCACGGGCACACCACGCTACCACTCGGTGGGCACACGTTCGCTGCACACGCCGCGGTCCCGAGAGCGGATCACAGGGAGGAGCGGCAGGCAGGGCCGGGCAGTCTCTCCAGTCGCGCCCCTGCAAAGGCTTGCGCAACAGGCGGCGGCTCCAGCCCGCCCCGCCCAGCCCAGGCAGGGTGCAGCACGAGGCGGGCCGGAGAAAGGGGTGTGTCCCCGTCTCCTGCTGCGCTGGGAGCAGAGGGTCTGGGAGGGGCGAGGCCCTGGGGGCGGGGCCCCGGCGCCTATAAAATCGCCCTACGCACGCACGGACATAAACAAACCTTGCCAGGCTACCCTCTCGCGTTGCAGGCAGATTGCTCACCCATCTTCGTCTCCCTCTTCACCTCCCGCGGGGCGCTGCACCTCCAACCTTG,-250.83333333333334
Hspb1,CTGCCACGAAGCCTTTGCTCCCCAGGAGATACACTATAGAAGACAGCTATCTTGCCGGTGTCATGAGACCTCCACAGGTGTGCCATGACATGTGTGTTCCCACGGGCCTCCTTCTGGTTCAGACCAGGTTCAGTTGCTTCCCAGTTGCGACACAAAAGACCTAACCTCTCCTGGTTATTCTCAATAAAAAATGGGGCTGGCCCCAGGCCACCGCCCTTCAGCCAGCAGTGTCCTAAACCCGACAGTGGGAATCGCTCCAGCTACCGGTATTACGCCGTCATTTGTTTTCTTCAACAAGAGAAGTTTCCAGATGGGGGCAGAACCTTCCTGGCCCCGCCTGCCCGCCCCCTTTGCAAGCTTAGGGGGAGGAATGCAGAGGGGAGGGGCGGCGAGGGGCGGCCCCTGAGACGGTCATTGCCATTAATAGAGACCTGAAGCACCGCCTGCTAAAAATACCCGGCTGGGCACACATAAAAGCACGCTGGGGCTCCAGTCCGGCACTTCTCGGATCCTCAGCCCAGTGCTTCTAGATCCTCAGCCTTGACCAGCCAAGAACATGACCGAGCGCCGCGTGCCCTTCTCGCTGCTGCGGAGCCCGAG,-22.333333333333332
Carhsp1,TATCCTGTCTCAAAATCAGCCCACGAAGAATAAATCAATTAGACAATAGAAAACGAACAAAACAACTCCTCCCTCCTCTCATTTTTATATTTCCCTTTCTGTCTCTCGCCTTCCTTCTATCTCTTAATTCTTGAAAAAAAAAAAAAAAAAGGCGCCCGCTTATCTCGAGTCAAGGGCAGGTTGGGGCCGGACTTGTGCTGGGGAGTGGCAGGCACAGCACGCCGAGACCCGATTGTGCCACTTTCCCGGGCACCGGGCCGGCACTGGGCGCCCGCAGACCCGCGAGTGGCGGGGAGAACACCTCCAGCCGCTGCCGAGTCCCCGGCTCCCGCCCGCGGGGCATCAACACAAAGGTCCTGCGGCAGCAGCTGTGCCGCGCTCCTCCTCCCCGACCAGTCCAAGGTCCGGGCCGCGCGTCCATTGGCCCGGAGCTCCAAGGGGCGTGGTCTCACACTCCGCCCTGCCCCGCGGCCACGCCCCAAGTCCCCGATCTTTTCTTGCAGTCGAAGAGCAGCAGCTGGAGGAGTAGGACGTGTCGCCAGGTAAGTGGCTGGTCCTGGGACCCTAGGGATGGGCGTGATGGTGCGCGGGATCTCTGGA,-63.0
Hspa1a,CGATTGGAGAGGATCACGTCACCGGACACGCCCCCAGGCATCTCCCTGGGTCTCCTAAACTTGGCGGGGAGAAGTTTTAGCCCTTAAGTTTTAGCCTTTAACCCCCATATTCAGAACTGTGCGAGTTGGCGAAACCCCACAAATCACAACAAACTGTACACAACACCGAGCTAGAGGTGATCTTTCTTGTCCATTCCACACAGGCCTTAGTAATGCGTCGCCATAGCAACAGTGTCACTAGTAGCACCAGCACTTCCCCACACCCTCCCCCTCAGGAATCCGTACTCTCCAGTGAACCCCAGAAACCTCTGGAGAGTTCTGGACAAGGGCGGAACCCACAACTCCGATTACTCAAGGGAGGCGGGGAAGCTCCACCAGACGCGAAACTGCTGGAAGATTCCTGGCCCCAAGGCCTCCTCCGGCTCGCTGATTGGCCCAGCGGAGAGTGGGCGGGGCCGGTGAAGACTCCTTAAAGGCGCAGGGCGGCGAGCAGGTCACCAGACGCTGACAGCTACTCAGAACCAAATCTGGTTCCATCCAGAGACAAGCGAAGACAAGAGAAGCAGAGCGAGCGGCGCGTTCCCGATCCTCGGCCAGGAC,-117.66666666666667
Hspa1b,CCCTGCCCAACGCTGTCACTCAAACCAGGACCCAATCACAGACTTTTTAGCCAAGCCTTATCCCGCCTCTCTTGAGAAACTTTCTGCGTCCGCCATCCTGTAGGAAGGATTTGTACACTTTAAACTCCCTCCCTGGTCTGAGTCCCACACTCTCACCACCCAGCACCTTCAGGAGCTGACCCTTAACAGCTTCACCCACAGGGACCCCGAAGTTGCGTCGCCTCCGCAACAGTGTCAATAGCAGCACCAGCACTTCCCCACACCCTCCCCCTCAGGAATCCGTACTCTCTAGCGAACCCCAGAAACCTCTGGAGAGTTCTGGACAAGGGCGGAACCCACAACTCCGATTACTCAAGGGAGGCGGGGAAGCTCCACCAGACGCGAAACTGCTGGAAGATTCCTGGCCCCAAGGCCTCCTCCGGCTCGCTGATTGGCCCAGCGGAGAGTGGGCGGGGCCGGTGAAGACTCCTTAAAGGCGCAGGGCGGCGAGCAGGGCACCAGACGCTGACAGCTACTCAGAATCAAATCTGGTTCCATCCAGAGACAAGCGAAGACAAGAGAAGCAGAGCGAGCGGCGCGTTCCCGATCCTCGGCCAGGAC,-209.4
Hspa8,AAAGCCGGAAAGCGAGTGCTTAGCCCCCCTCCTTTTTTTTTCTAATAGCAACCATGTCTAAGGGACCTGCAGTTGGCATTGATCTCGGCACCACCTACTCCTGTGTGGGTGTCTTCCAGCATGGAAAGGTGGAAATTATTGCCAATGACCAGGGTAACCGCACCACGCCAAGCTATGTTGCTTTCACGGACACAGAGAGATTAATTGGGGATGCGGCCAAGAATCAGGTTGCAATGAACCCCACCAACACAGTTTTTGGTAAGTCGCCAGCATCTTTGTGCCACTAGCATGAGTAAAAGGGCTGGGGGGCAGGGCATTTGGAATGTAGAAACAGATCTGCCTTAATAACTGCAGCCTGAGATTGCAACTGTTTAAATATGACAATATAAGGCCACAAGATTTTAAATATGGGCCTTGGCTTCCTGCACTAGAGATTACGTCCATCTAGATGGGTGCTGCAGGTTTTTGTTTTCTGTTTTTTTGGTTTTTTTTTTTTTTGCAGTGATAGGCACTAAGGAGTGTGATGAGGTATGTTTAATATTTTACAGATGCCAAACGTCTGATCGGGCGTAGGTTTGATGATGCTGTTGTTCAGTCTGA,78.0
Hsph1,TTTCCCAGCATGCAAGGCGCTAGGGTCTCCCGGCCAGACTACGCTTCCCGACATGCTCTCTGCCAACAGCAAGTTCGTGACCGGAGAGGCCTGGGGTCCCGGAGTAGTGTGTTCTTTCTCCGTCCTTTCAATAGTTTTTCGGCGTCGGGAGCCGGACACTGCCACCGGAGTCACCACTTAAGCGACAGAAGTTCCCGACCGGTTATTCACTGGAGTCAACTGGAACGAAAACTGCCCCTCAGGCTGGGGAGGGCGGGATGGAGGCCGGGCAAGCTCGGTCAGTTTTAGCCAATGGCGCCCGAGCAGCTGCCCTGTCACCATGGCAACTCAGGCCGCCCGCGGAGGGACCAGCAGTCCATTGGGTAGAATCTTTCTCGAAGGCTCGAGAAGAAGGAAGCGGAAGTGGCACGTGGAGGCGCCGGTGAGTAAAATGCTGCAGATTCTGGAAAGTTCTCCTCAGTAGGCTACATAAGGCTGAGCGATTGGGACCTCCCCTTTTGGATTGGTAGCTGAGCGGCGGCGGCTGCGTGAGAGAGGCGGGCGGCGGAGAGCGGTGGCAGAGACTGAGCGCAGTCTTGCAGGGTAAGCCGGAGGCATCTT,-80.85714285714286
Hspe1,AGGCCGTCTGCGGCGAGTGAGGGACCCAGCTCTGGGCGCGCACCGCAATGAGCCCGAGTCCCCTCCCTCCCCGCCCCGCCCCGCGGCCCCGCGTGTGCGCGCGCGCGCCCCCCGCTCTCTCCCACGCCGGGGCCCTGCAATCTGCATGCGGCGCGCGCGGCCCCGCCCTCCGTACCAGAGCCGCCTCAGCTCTGCGGCCTCAGCCCTCTCCCGCCGCCCTACGCTGGTTCCTGGGCCACGGTCCGTTCTAGAACCTTCCGGAAGGCCCCGCGCGTCCCGTGGGTGAAAGGTCAAGTGGCGTCATTTCCGGGAGGGGGGCTCGTTCTTTCACCTCGGCGGCCGGCCTGGAAAAGCCTAGAAAGTGCTCCCCTTTTCTTCCGCCTCCGGCCGCCCGCGTCGGCCCCCTTGCGCGGAGCCCTCGCCACCAATCGGCGCGCGCGTCGGCGTGGCCGCCCCCTCTCACGCTCGGGGGGCTGAGTGCGCCTGCGCGCTGCGCGGCCTTTTCACGTGTCCCAGCCGGCCAGCAGGACTCTCCTTGCAGCAGCGGCCCGAGTTCAGAGTCCGGAGCTGCGGTGGTGGCGGCGAAGGCGAGAGTCATGG,-52.75
Hspa4l,CGGCCAGAGCGAGCGGTGCTGCGGAGAGCAACGCGGAGGAGGGAGGCGCTGCTAGGAGGGCGGCGCTTAGAAGAGCGTCCGCGAGACACCGCTGCCCCGGCGTTGCCGGGAGACGGCTTCGCCCCCCCCCCCCAGGCGTCGCCCGACCGCTGCCCCGCCCCGTCCCGCCCCGCCCTGCCCCGCGGCTCCGCGGCCTCCCCTCCCTCTTTCCAGCTCTTTCTCGAACCTGCCACTCCGCAGCGAGCCGTTGCCGAGCGCTGACGGGAGCGGCCGAGGGCGAGGCCGCCCAGCCTCAGCCGACCGGTGGCTCGCGCCTCCCGGGGCCGAGCGCGCAGGCGCAGACCGCAGTAACTGCCGGTTGGGGGCGGCGAACCGCAGTGGAGACTAGGCGGCGGGCCGGGCGGAGGCGGCGCGGCTCAGGCGGGCGGCTCCACCTCCGCAGTTCCGACGCCCTGCCCTAGATTTTCCGATAGAGAGTGGGTCCTCTCCTTTGCTTCTCGCAGGAGTCGCAGCGCCCGCAGTGGGGACCCGCAGCGGGACGCGGTCTCCGCAGCCCGAGCCTTAAGCGGGATGTCGGTGGTGGGCATTGACCTCGGCTTC,-41.35294117647059
Hspa1l,GGCCAATCAGCGAGCCGGAGGAGGCCTTGGGGCCAGGAATCTTCCAGCAGTTTCGCGTCTGGTGGAGCTTCCCCGCCTCCCTTGAGTAATCGGAGTTGTGGGTTCCGCCCTTGTCCAGAACTCTCCAGAGGTTTCTGGGGTTCACTGGAGAGTACGGATTCCTGAGGGGGAGGGTGTGGGGAAGTGCTGGTGCTACTAGTGACACTGTTGCTATGGCGACGCATTACTAAGGCCTGTGTGGAATGGACAAGAAAGATCACCTCTAGCTCGGTGTTGTGTACAGTTTGTTGTGATTTGTGGGGTTTCGCCAACTCGCACAGTTCTGAATATGGGGGTTAAAGGCTAAAACTTAAGGGCTAAAACTTCTCCCCGCCAAGTTTAGGAGACCCAGGGAGATGCCTGGGGGCGTGTCCGGTGACGTGATCCTCTCCAATCGCGTTACAATGGCAGTGCTGCCTCTGACCTCATGGACTAATTTAGGAACTAGAGGCTCTGTCCCAGCACAGGCTCAAAGTTGCCGGGAGGGGCGGGGTGGGGGGTGGGGGGGACCCCGGCTGCTCAGTTTGGATGTTCCTGGAGCTCCCTGCTCGTAGGGGCTCA,7.0
Hspa5,GAGAACGTGTGGAGGCTGGGGAGGGCGATCACAGCTGAGGCCGGGCAGCTCAGGACGCGGGGAATCGAGGAGGAGAAAGGCCGCGTACTTCTTCAGAGTGAGAGACAGAAAAGGAGACCCCGAGGGAACTGACACGCAGACCCCACTCCAGTCCCCGGGGGCCTGGCGTGAGGGGAGGACCTGAACGGTTACCGGCGGAAACGGTCTCGGGGTGAGAGGTCACCCGAAGGACAGGCAGCTGCTGAACCAATAGGACCAGCGCTCAGGGCGGATGCTGCCTCTCATTGGTGGCCGTTAAGAATGACCAGTAGCCAATGAGTCAGCCCGGGGGGCGTAGCAATGACGTGAGTTGCGGAGGAGGCCGCTTCGAATCGGCAGCAGCCAGCTTGGTGGCATGGACCAATCAGCGGCCTCCAACGAGTAGCGACTTCACCAATCGGAGGCCTCCACGACGGGGCTGTGGGGAGGGTATATAAGGCGAGTCGGCGACGGCGCGCTCGATACTGGCCGAGACAACACTGACCTGGACACTTGGGCTTCTGCGTGTGTGTGAGGTAAGCGCCGCGGCCTGCTGCTAGGCCTGCTCCGAGTCTGCTTCGT,5.967741935483871
Hspa9,AGTGAGCGCGCGAGCTCGCGCCCCCGGCACTCGCCCGCAAATTCGCGTGCACTGGAGCATCCAATAAACGCTACAGTTAAACCCGAACCCGTTTTCTCCACGCCCCTCACACATGCGCTTCACGACCTCTGTCCGGAGCGGAGAACGCAGGCGCAGAACGCACCTCCTTCTGCGCAACTGACGCAAGGAGACTGTAATCTGTTCGTAATTTATCCCGTGTGACCTTGAGTCTTTCCCGTCCTAAGGACCGGGACTGTCCGAAGCGATGCCTGTCCACCTCTCTTCTCTCTTTCCCTTCTCCCTGCTCCCACAGCCCTGGAAACCGTGATGAGAGAACGGGAACTTTCAACGATTAATGCTGAGAGGCGTGCTGGCGGCGTGCGCCGATCCCGGGAGCAGCGGACACGTAGTCTCTAGTCAGGCAGCACGTCGGGCGCCTCAGCAGAAGAGCGGGCTTCATTGCTGCAGCGGCCAGCCCCCGCCCCCACCCCACGTGGTTGGAGGTTTCCAGAAGCGTAGCCACCACCGTGCACGCAGCTCCGGGCCCGTGGGGTGTTGGTTCTTGCCCTCGTAACCCCCTCTGTCCAGCCACCATGATAA,-82.66666666666667
Hspb6,ATGCCCCCTGGCCGCTGAGCACCCCAGGCTGAGTCAGAGGCACAGAATTAGGCCCGACCTACTCTGGGGTAGGGTCTGTTCTGTGTCCTCCTGACTGCCTGGCATGGGTGCAGCATTCTCCAGGAGTCTGTTACTAAGACTGATGCGTCATCCTCAGAGCTGCCAGCCTGGCGGAGATGGATTAAGAGGACTGAGAACTCTTTGGGGGACTAATCGGGACCCAGGGTCCCAACTGCCACAATGATTGCCACACCTATAAGGGTCTGCCTCCTAGACTTTTAGCTTCCCCTTACAGAAATGGAAAAAGGCTTAATGACATTTCCCTGGTGTCCTTTTCCGGGCATCCAGCAGGCGTTTAATAACTGGCCAAGTAATTATTGAAGTTTCTAAATAAGGAATACTAATGCCTGAGTTTGGCCTCAATCCCAGTGTCCCTGAGAGGCCCGCCGCAGGGGCGGCACAGGGCACAGTATAAATCGGAGCCAGCGTGCGTTTGGGCACTGCGGGGCCCAGGGTGGCAGCGTAGGAACAGGATGGAGATCCCCGTGCCTGTGCAGCCTTCTTGGCTGCGCCGTGCTTCAGCTCCTTTACCAGGTTTCT,-102.4
Hspb7,CACACTTCAGCTGGGACTGGCAACACAAACTAAAGTTGCAGTAGGAATCTGGGGGTTGACAGAGCCCTCTATCTCCAGCCATTATTCTGGCCCCCAGCTGTGTCCAGTCCTGTTCTCACTTCACAAATCACTGGGGATGCAGCTGGAGCCAAAGACAAGAAGGGCGGTCCCCACACCTTCAGGAACTCGCAGGTTGATGGGGAAAGACAGGTGAACCTCCTCAGGATTAGGGACTAGGGGAAACCACAGAGAGGTCTCAGAACTCACAAAAACTGTCACTCTGCCAGGTGTTGGGGGACTCTGAACAGAAGGAGCCCTGTGTGGGCTGGAGAAAGCAGAGGCTTCCATGGGAGAGCGAGAGGAGGTGGTTATATGGGGAGGTGAAGATCTGGAGAAGTGTACTCCAAAATTAAGGCATGGGCTGAGCGCTTCCCTAGGCTTCTGCCTCCTGCCCAGCATCAGAATCCGGGATTCTACTCAAAAGTCAACGGAAAAAGAGGAGATTCTCGGACACAGGGGTCTAGCACATCTGGATGGAATCCCAGCCATTCCAACGTACTTAGGTTCAGCCCACCCCTCCTAGGAGGCTGTATTTCCTGG,233.0
Hspa4,GCTTCGGATTCTTTTAGTTAGCGCTTGGTTTTAATACTGAGTTTTACGTAGAGCCGAGCTGAAACCCTTAGCGCCCTTAGCAGGATTAACTCGAGTTCACTGTGGGGCCTTAAAAAAAAAAAAAAAAACCCTGCAGAGAGCCTGCAAAGTCACTGCCGGAAGTCCCTCCGCGGTGACGAGCACGGCGGAAGTGGGTTCAATGCAGCTCCCCGAAGAACTGTCTCACTCCCGCTCGCCTGACTTCTGGATGGGAGGCGCCCTGCAGCTCAGGGAGGATTGTGGGGGGCTTCTCCGCGCAGGCTCAGTGGCCCACTTCGCGTCGGACCGCTTCCGTCCCCCCACTTCCTTTCACGGTTCCTGTGCCAGGACGTGACGCCAGACTTCGTCAGACGGGAGGAGCCTTGGGAGGAAAAGCGTCTGAGCCGGGGTCTCGCGAGAACGTTTCGTTTCAGCGCAGTTCTCGCGCTGCAACCTTGCTCCTGTTGCAACGAGAGCCTTCGAGATCTTCTCCGCCTCCGCGACCGGCGCCTCCTCTGCGGCCGTGGAGCCGGAGCCGCGGCCCGAGCGGTAGAGGCCCCCGTCTTTCTCCAAGCCCCAAGC,96.58333333333333
Hspbap1,TCTCTTGGTATGTTAGCCAGACTAAATAAACGGCAAAAGCTGGAGATTGTGCATCTCTTGACCACATAGACATAGACATTCATTTGTTCAAATGCACAAATCCAGAACTCTGACAGCTGCCTGTGTCCTTGAAAACTAGTCATTTGCTGACATATCTGGCTCAGCAAATGAGTCACAGGGAACGCCTTCAAGGGGTTCGTATTCCCAGGCAGTCACGAAAACCAGCTGGAATGGCACTGATGCCAAGGGAACCAACAAGGTGGAAGAGTAGGCACGCCAGCCCCGGGGTCTCCTAAATCGCGAGTCCGACTGAGAGAAAGCCAAGGCGAAGATGGAGGATCCGACTAGAGAAGGAAGAGAAACAGCAGACGCTAAGGGTGGAAGAAAGGAGCCACAGCCCAGCCCACGTGCTCGCCGCCTTTCAGCTTCCAAAGAGCAAAACAAACCGGCGTGGCCACGCCCAGCGCCGTCACGTGACCGCGGCGGCGCCGGTTCCGGCAGAGGCGGAGGATCCTTCCTGTGTGGAAGCCGCAGATCCCGGTGAGCCCTCTCACCTGGCGCTCTCTCCATCCTCGGCGCGATAACCATGGCAGCAGGCTG,0.0
Hspd1,GGCCGGCTGGGACACGTGAAAAGGCCGCGCAGCGCGCAGGCGCACTCAGCCCCCCGAGCGTGAGAGGGGGCGGCCACGCCGACGCGCGCGCCGATTGGTGGCGAGGGCTCCGCGCAAGGGGGCCGACGCGGGCGGCCGGAGGCGGAAGAAAAGGGGAGCACTTTCTAGGCTTTTCCAGGCCGGCCGCCGAGGTGAAAGAACGAGCCCCCCTCCCGGAAATGACGCCACTTGACCTTTCACCCACGGGACGCGCGGGGCCTTCCGGAAGGTTCTAGAACGGACCGTGGCCCAGGAACCAGCGTAGGGCGGCGGGAGAGGGCTGAGGCCGCAGAGCTGAGGCGGCTCTGGTACGGAGGGCGGGGCCGCGCGCGCCGCATGCAGATTGCAGGGCCCCGGCGTGGGAGAGAGCGGGGGGCGCGCGCGCGCACACGCGGGGCCGCGGGGCGGGGCGGGGAGGGAGGGGACTCGGGCTCATTGCGGTGCGCGCCCAGAGCTGGGTCCCTCACTCGCCGCAGACGGCCTGCCTCGCCTCGTGCTCTCCTGCCGCCGCCCCGCAGGTACGCGGCCTCGGCGTGCAGGGCGCCCCGGCGCTCGCGGGGG,0.7142857142857143
Hspb3,AGCTCCCAGGCTCCCTCTGAAGTTGCACAGTCTTCTCGCTTAGTCATCCCATCTCATTTTGCCGAGTCAGATGTACAAACACCAGCTGATGTGGTTCAGGTGTCCTTTAGGCACAAAAGAGTAAAAAGAACGGAATAGGATCCGAACTTAGCTGGAGTTTAGTAGCTGTTTGAAATTGATTGATTTCTCATAAACCAGAGTTAGAATCGTCTCTCCCCGAATGGAATTTTCAGGCAGAGGGAGAGGCTTGTACTGAGATGATTGCACACTTTGCAGGTCACACGGTGTGATCTTCAAGCGCTGCTTCTGGTTTCTACTTTGTGTTTTGGGGTGAACAAGGCAGACAGGCCTGCCAAGGCTAAGGGAGCGTGCAAGTGCGATCCCTGCCTGGCCCACTTGTACAGGCTGTGAGCTAAATGCAACTCGCAGAGGCGGCTATAAATAGCCATTCATTGTCAGTGTGTGTGAAAAGACAAGAGTCAGTGTGCCGGTCTGATTCAGCCCCAATTAAGCTGCCGTCTGGGCAGGACTGTAAACGGAGCTGCTAGGACTAAGAATCGAGTCCGCAGGCAACGCCAGAGACTAGACACTCACGGAAGG,59.888888888888886
Hsp90b1,AAGAAACGCCCAAAAGAAAGGTGACGGCGAACGTAGCGCTGAAAGGACTCGTAACGTGACCCGCGTCGTAGACGAGAAAAGGGTAAAGGACGCATTGTCTTGGCTACCGTTTCCCCTAGTCACGGACTAAACGTTCGCTAGAAGCCGGAAGTGGTTCCCCGGGACCTCTAGGAATGGACAGACGTGCTATGCGCCTACGTTCATTGGACGGTTTTCCTCAGGGACCAAGGCTTCCCAGGCCAAAGGGTGGCCCGGTGTGTGAGGGCCCGCGGAGCCATCTGATTGGAGGAAAGCCGCTGGACAAGCCCAATCGCAAGGAGCCACGCTTCGGGCATCGGGCACCGCACCTGGACAGTTCCGATTGGCGGGCTGCGGTCCCCCCCCATGCGTCTCCATTGGGTGCAGAGAGTGCGTGGTGAGGCACGATTGGTGAGTTCGTGTTTCCCGTCCCCCGCCCGCAAGCAGTGGGGTGAAAAGCGGCCCGACCTGCGCGCGGCTTAGTGGGCGGACCGCGCTGCTGGAGGTGTGAGGAGCTTAGACTCGGGATTGGGGGGGTGGAGGCGGCTCCTGAGACCGAAAAGGACTTGCGACTCGCCGGCC,-112.27586206896552
Carhsp1,TCTGACCTGTGTCTCCTGTATCATGATTATGGCTTGATATTGGACATGTTTGTTGAGTGACTTTGTGATTGCAGTTTACAGCAATATAATCATAGCTAGTTCTTGTTGCTTGCCTATTGTGGGCAGAGCTGTAACCCTCACACTTGTACGTATTACTTCATTTAACGTTATGATTTGTGTGAAGCTGAAACAGTTTCCACTTCTCAGATACAGAAACTGAGGCCCTGAGAGGTTGAGTCACTTAATAATCACTTAGCTGGCAGGTTCAGGAAGATATGAACTGTCCCTGACTGGGGCTGGGGGAAGGGAGGACAGGCAGGAGGCTGTTTAGGAGGGGAAGTTCTTTCATGCTGATGTCATCTGGTCCCGATGGTCTCACCCTGCTGTCATGGGAGGATGGGTGGGGCCCACTCTCCCTCTCTGGGCCAAGCTTCTTCCCAGAACTCCTGGCATTGGAACATTCTAGGACTCTATGACCTGTGCTGGAGACCTGAAGGCCAGGCCAGCAGCCAGGACCTCTTCAAGGTGGGGGCTTCTCTGAATCTGTGGTCCTGCCTGGCTGGGGCCAGAGCTAGGAAGAGGTCAGTAGTCACCATGTCA,-63.0
Hspa12b,CTCATTCGAAAGGTTGAGGACTTCTCACTGTTGAGGCAAATTGGGAGGTCTCCAGTCAGGCCTGAGGTCCCAGCCTGGAAACCTAGCTTCTGCCTTCACCCTAAGTTCAGACAATCGGGGACGAAAAAGTGTTGAGGAGACTGCAAAGACCTAGGACAGGGTCACCCTTCGTAGGGGACTAGACTCTGGGCAGCAGATGCCAAGGCCCAGCACCAGGGAGGGCAGCTGGGGAAATGCGAGCAGCAAAAGGTCTTTGAGGGTCTGGAATTCTCCGCACACCCTGCTCCTCCCCCTCTGCCTTCTCCCATCCCACCCCCCTGTGCTGCTGCCCTCTGAGCAGGGGAGGCACCGCTGGCCCGCTGGCCCGCAGTGCTGCTGTGTTGTGAGGGAACTGGGAGGGGCTCGGGCTGGGCCCCCTCGGCTGAGCCCCGCGCAGGCAGGCCCCGCCCCGGCTCGCACATCTGGGCGGCGAGTGCGGCCATCCGGCCTGGGGGAGGGTGCAGAGACGGGCCTGGTGCACGTTGAGGTCCACTGTAAGCTCCGCTGCGGGACTCTGAGCTAGCACCCAGGCGACAAGACCCGGAGGAGCTGTCCGAGGGG,-23.5
Hspb7,TGGCAGATGACAGGGGTCACCCACACGTTCTATCTCCCCTCCCTGGGCTTTCTCAGCCTTCCCTAAGAGATAGCTGGACCTGGAGCGCCTCGGAATCCCTCGGGGTACCTGCATGTATATACTCTCTCCTCAGGAGTCTAATAAGGGAGGCACAGGCCCTGGGGGGCACAGTACAAGAGGAGAGGAGGGTCCCAGGCTATCGAGGGGACCAACAAACCACGAAGTCCTGGGGACAGGCACAGGGCAGGACCCACCCCCTGCCCTGGCAGGTACAGAGGTCCTTGGGGCTGGAGCTCTGGACTAACAGTGCCAGGTGGTGAGCTCAGCCTTGCAACCCTGCCCTCCTGTGTCGGGCTGTCAGCAGAGCCGTTTCTCCCAAGAAGATTTCCAGGCCCCTCTGGGCAATGAAGAGGCCTAAATTTAGCCAGCAGACAAGGGGCTGGCCTCGAGCCCAGGGACAGTTGGGCCTTATAAAGCGCTGGCAGTCAGGGGCCCCGGCACGCTTCCGTGGAGGCCTGGACCCACTCGTTTCTCCAGCCCAGCCCCTGCCCGTCTGGACAGGGACCCCCGCTGCCTGTGGATGAGCCATCGGACCTCCTC,233.0
Hspbp1,GGGGAGATATCCCGAGACTCTAGGAGCAAATGCAGTTAAAATCAGTTGAGTGAGGAACAAAACCGTCTGAGCAGCAGCAGCAGCAGCAGCAGCAGCAGCAGCAGCAGAGAAGGGGCGTGGCCTACGCAGGGGCGTGGCCGAACAGGACAAGCTGAAGTTCCAGGTACTAAGAGGCGGGACTTGACTGGGACAGGCCGAAAGGCCTAGAAAAGAGGCGGGGAATATGGGCATAGGCGGGGCCTATGCCTGGGAGGGGAGGAGTTCGCCATGAAAGTCCCTTGTTTGCTAAGATAAACAGAGGAGCTAGGGGGCGGGGCTTATAACAAAAGCGCGAAATGTAGGGGCGTGACAAAGAGAAAGTGGTGGGGGCCTAGTCGACAGAGGCGGAGCTAAGTGCCGCATCCGCTAAGAGGTGCTGCTTAGAACTGGGCAAACAGCTTGGGGTGAGGCACTTCCGTGTGAGAACTGCGTATTTCCGGTAAAGATGGCGGCGCCCAGTAGAGTCAGGTGCAGCCTAGTCTATCTTTAGGCGTGGTGGCAGCTCTAGACCCGGCAAGGTGAGATCAGCCCCATTGGGGCGCCCCTCTTCAAAGACACGGG,-75.33333333333333
Hspb9,GGGGTGGGGGTGGAGGAAAGCCAGAGAAATAGACAGTTTCTTCCCATTGTAGAGGTAGACTGTGAAAGGTCAGGGATAGTTCTTCCTGGAAGATCAGAAAGGCCCCCTCTTTTGGCTCAGTCCAGAGAACAATTTTCCTTGCCCCAGGCCCGATTCTTAAAAGGGCAGGGTAGGGCAGGGCCGGCAGGGCAGGGCAGGGCAGAGCAAGCCAGACCTTTTCAACCCCGTTGCTCAATCCCATCAGCTCCCAGGATGGAGCTGTAACCCCGCACATTCAGGTGATCCAGTTCCTTCATAGCCTCCTTCCTGCCCTCTGATGTGAGAGAAGGGCCCAGGGAGAAGCAGAAGCCGGTTCTGGACAAAAGCTGCAGCGCTTGCAAGGAAGATAAGACAGCGACTTGAGTGTTTTTGCCCTTCTGGATGGGAAGAGTGGGCGGGCCCTTCCTCTTCGCACCCGCCCCGGATGGGGGGTTGGGGAGCCCTCGCGCCCTCAGGCAGCAGTTGCACTCTCGGATGCAGCGGGTAGGAAGCAGTTTCTCCACCGGGCAGCGCGAACCCGGGGAAAACCGGGTAGCTTCCCGATGTCCCAGCGTGGCCCTT,0.0
Hspb6,CTGCGGGAACAAAAGACATGAGACACTCAGAGATGTTGGAGGGCCCAAACTGTGTGGTATCTTGGGAGTTGTAGTTCTCCTGAGATTGGGCGGGAGACTTCAGGCTCACGTAAACCCGTGTTGCCTTCCCAGGCCTCCTGTGGTCTCTGAAAGAGGACCAACCTCACCTGCAGTCAGTTTGTCGGCATTTACCGCAGCCTTAGCGCCAGCGGAGCTTCTTCGCGGAACAACCCTGCGCCTACTCTCCTCGCTAAGCAACGCCGTCAGCCCCGCCCCTTTCTGGCTGTGCAGAGTAGGAGCGCGGCCTCCAAAGCGACCAATGATAGACTAGAAAATAAAAGTAACTGGAAAGCGGCCGAGGGGCGTTCTCTCTTGACGAACTGGGAGAGCGTGTGTTTGATTGGAGCGTGCAGCAGTAATTGGCAAGACTTCAGACCAATAGTAAGGATCAAAGGCCGGGCTGACGCTTGAAGAGCGCTAAGAGTCCTGCCTTTTACTCAGTCCTTATTTCTAACCGCCAGGATACCTGTTGGAGCGAAGGCCTGACTCCAGCCTAGCTACTATTGCAGGGCTAACCCGAGACGTCTGTCTTTACTTTGA,-102.4
Hsp90ab1,CTTAAAGTTGGACAAGGAATTTATCATCCTTTTCTCTTGATGTGCGATTTGTAGGGAACATTCTAGTAAGATCGGGTCTGGAAATGGCAGCCGAGTTGGCCACCTCCATTCTCTTTCAGTCCCCTGAGTTCTGGACTCTTGGGGGGTGGGGGGGTGGAAGCGCCTACCTTGAGTTTTCTGAGGCAGTCCGTAGGGTATTCGCCCGCAGATACATCCCTAATTGCATATGCATGCTCCCTGCTCATCTTGAGGGGGGACATGTCCTACTCCTGCAGAAATGGGGGATGTGCAAAACGATATTGAATTGGCCTTGACTCAGGAACCAGGCCCGGGGTCCCGCTCCTCCCCGCCCCCTCCACGATCTGCTACCATGACGTCAAGGTGGGCGGGCGGCGGCAGGTGCGTGGCCCGCAGCCACTCCTTTAAGGCGGAGGGATCCAAGGGCGGGGCCCGGGCTGTGCTTCGCCTTATATAGGGCGGTCGGGGGCGTTCGGGAGCTCTCTTGAGTCACCCCCGCGCAGCCTAGGCTTGCCGTGCGAGTCGGACTTGGTCCGGGCCCACCACCCTGCTCTGTACTACTACTCGGCTTTCCCGTCAAGG,18.23076923076923
Hspb2,TAGAGGAGAGCAGAACTAGGTGTCTGACTGGAACCCTGAGCTGATCTAGGTTCAGAAGACACTGACCTTACAAAGACAGAAAATGTTTCTTGCATTGTGGATGCTATGTGGCTCATAGAACATTAAGTCTTTTTTTTTTTTTTTAAGTAATGTGCACAGTGCCTGAGACTGAGAAGGACAAAGGGTGATGTGGAATGTACAACTGGTGAAGGCCCAACTAGGCCTCTCCTTGCCCTCCTGCAGAGCAGGAGCTCACTCCAGGACCAGGACCCTCAGCTGTCCTACCAGGCCCCTGCGACAGCTGAAGGGTGTGCAGAGGAGGGGACTTAGGGGGTCCAGGCTGATCACACCCTCATAGCTGCACTCTAGACTTAGGCTCCCAGCCCTCCCCCACCCCCAGAGGCTCTGCACTATTTTGGGTGGTGTAGACCCCGCCCCCACTCTGACTGAGCCCTGGCTCTCCCTGAAGCCGGTGGGGTCGCCTTGATCTTGTTGGGGCAGTACTTGGGATCAGGGCTACTAGTCGCAACAGCAGTCATGTCGGGCCGCACAGTGCCACACGCCCACCCAGCCACTGCCGAGTACGAATTTGCCAACCCC,-127.07692307692308
Hspa14,CGCCGCCATGCAAGCAGGTCACACACCGCTCACCTTCACAGTCAGCCCTCGGCCCCACACCGGCCTCCAGGCCCTGCGCCAGCACAGGGTTCGAGATACAAAACCCGGCGCAAAAGGTCACCAGAGCAGTTGGACTGATGCACCGCATGCTGAGCCTGGGACCCGGAACTACCCACACCTTCCTTACTGTAGTGGGGGCTGCCTCGTGAAGCCGGAAAGAGGCAGGAAACAAGTGACGCAATCTCACCAGGCGTTCCCATTGGCTCTGATGAACGGCGCTCAGGAGAGGGAGGAGCTAATGACCCTCTTCCGGGCCTTTCCGGCTTGAGCTTGAGCAGACCGGCGTTTACGCCGGGCTCCCAAGGAGCGCGGAGTGATGCGCTAAAACTATTGGCTAACCGTTCTGATGAAAGGCGGCATCCTTATGTTGATTGGCTGCGACTTGGGAGGCCGGCGCAGCAGACCGGACGCAGTAGGCGGGCGGGAACGTGAAGTCTCCGCAGTGCCTGATGGGCTTGTTCCGAGGAAGCTAGCTGAAGCTGCTGAAGGGTCCTTCGTTGAGCTGCCGTGGTCTCCGCCGCCTTATGGCGGCGATCGGCG,-34.0
Hspg2,ATGTGAGCAGCTGAGTGCATGTGAGATCCCCCTCTCTCGAAAACTGCTGTGCACTCCGTGTGGAGCACGTGGTGTGAAGGAGCGGCGTGTGCGGAGGGCTCGAGGCCCTGCCAGGTGGCGTCTCAGTCCTATCCCACACTCCAAGCCACGTCTGGCGTGGAGCCGGTTGGGCCTCATCCCACATCGAGGGGGATTGGGGCCCAGACAAAGGCACAGTCGGCCGCGCCGCTCCTCCAGAGAGCCTAGCTCGCGGCTAGGAGGCGGGGGCCGCCGCTGAGGGGGCGGGGCCAGGTCTTGTTAGGGGCGTGGTCTATATGGTCAGGACGCGTTGCCTCGGGGGCGGAACCTGGTCTTGTGGGGTGTGGCTAAATGTTTGGAGGTGGGGCCTAGGGCTCCTGAACTTGGCGCCTCGGGGGCGGAGCCGGAGACCCGGGGGCGGGGCGTGCACGGGAGGGCGGGGACGGGAGTTGGTTGGGGGGGTGGGGGGTGGGAAAGAGGCGAGCAGTCCGAAGGACTCGGCAGGACAGCGAGCTGGTGGCTGCGGGAGGCGCCGAGCGAGCCAGCGAACGAGGCCGGGCCATGGGGCAGCGGGCAGTGGGC,-124.0
Hsp90aa1,GGACTCGCCTCCTGCGGGGTCCGCGTTCCCAAAGGGAGCCCGAAGGGGGACCTTTTGCCTGCAAGGACCTAAAGCGCCGCAGAGGACCGCGAGGTTCACACAACACGCGCGCGTTCCCATGGGGACGTCCCTTTTACAGAGCGCCGGGGAAAAGAAGCCTTAGACCACAGGGCTCACATGGAGGCTTCAGGCGCATGCGCTGGCCGGCCCGTCCGCGCGCGCGCGTGCGGCCCGGGAAGGCGCCCGGCCCGCCGAGCGTTCCGGACTGCGCATGTGCAGAGCACCTGGCTGTGGAGGAGGGGCTTGCGTTCGTTCTCCGCGCGGGTTCGGCGCGCTCCAGGTGGAGGGGCGGGGCCCGTCCATTGCGCAGGCGCGGGCGCGCGGCCGAGGCGACGGTTGGGGAGGGTTCTTCCGGAAGGTTCCGGAGGCTTCTGGAAAGAAGCGCCGCGCGCTGGGCGGGCCCGCCTCTATATAAGGCCGGCGCAGGGGGCGGCGCGCCAGTTGCTTCAGTGTCCTGGTGCGGAGCGTCACGTCTCGTGCGTGTTCATTCAGCCACGGTGAGTGATGGCGCAGGCGGACTTAGCGGGGGCTTGGGGAGCA,-31.352941176470587
Hspa8,CGGACTCCCCCTCCCTCAGGCTCTTCTCTCAGGCAGCCCGGGGTCCCAAGAGGTAGGGATCCGGCCGAACGCTGCTCTCATTGGTCCGTCGCGGAGGTACCCGCCTTCCTCCCAGGGCATCCTTCCGCCCCCTCCCGCCTGCGCTGCCGGGTCGCGCACGCGCACTCGCCGGCGACCCTCTCCCCTCCCCCAGCAGCTCTGAGTGACAGAGGACTCCCGCGCGCGGGCTCCCGGCGCCCCGCCTTCTCCGCTCCCCCCGGGCCGTTCCCAGAGCGGGGGCGAGCGTGAAAGTTCCAGAACGCCGCGGTCGTGCGTCATCGCGAGGCGGGGCGGGGAGAAGGCGGGACCTAGGCGAGCGTTCTGGCTCTTCATTAGTGCAGTCGGCAAGGGCTGGTCGTCCATTGGCTAAGAAGCTATGATCGGCAGCGGGATGGGGCGGCACCCTTCTGGAAGGTTCTAAGACAGGGTATAAGAGAGAGGGAAGCGGGCGGAAACCGGTCTCATTGAACGCGGAGGCAGCTGCCTGGCATTTGTGTGGTCTCGTCGTCAGCGCAGCTGGGCCTACACACAAGGTGAGGCATGGGACTCGGGGGTTTGCGG,78.0
Hspb8,TTTTTAAAATTTCGTTCTCAGAAGTCTGAGGCTGTAAGACTTGGGCCATACTGTAAGTGGGGATTCCTTGTACTTCTTGATCCAATGAGGGGCTGTCTCTCTTCTGCGAGTCCCTAGAGTAGGAGGCAAGACAGAACATGCACTGAAGATGGTATTTCCAGAGTGTGACCTGAGCCCTCAGCCAGGCGGAGGGTTATTAATAGTCTGGCTTTAGTGCCCTGCGGGGCACGGGTGGATGGAGTGGACGCTGCTGGAGGCAGAGGGAGGGCGGGGGCGGAGCGGAGCAGGAGGAGGAGGAGAGAGTGCCTGAGAGGCTGGCTGGACCCGGACGCCACGGCCCCTCCCAGCTCCCCACCCGCTCCCAGAGCCCAGTTGTTCTCTCAGCGGATTCTCAGGGACTGGTTCATCACCTTTGAATACTCCTGTGACAGGAGGCGCTTGCAAAACCCGCCCCCAGCCCCCAGCAGCAAATAAATAGAAGGCTCCCAGCCCAGAAGCCAGGAGAAGTTTCTAGGCTCGCGAGTCCCCGAGCTTTATTAAACTCCTGGCTGTGCTCAAGACCTCAGCAGGCTTTGGCTGGGAGCCGGGGCAGCCTGGGAG,29.142857142857142
Hspa12a,GCACCCTGAAGAGGAAAAGTTGGTGGGGGTGCTGGGCCTCAGCCCTGCACAAGTTGTGGCCTGGCTCCCGGCTGCACCAGGGTCTCCAGTGCTTGCTTTGGTGTGCTCCTCTGGGACCTAGGAGCAGAGGCCATTGATGTGGACTGGAGTGTGCTTCGCATGGAATGCTGAGTGTGCAGTGCTTGCTGAAGGGTCTGGCGGGAACTCCAGAGCTTGAAATCCGACCTTGTGCGCTTCTGTGTCCGCCGGGTTGGATCAGCTGCAGAGACCCCTGCTCAGCTATGACCCTCCACCGCCCAAGCTGAGTCCTGGTGCGCTAATGACAGCACGGGGTGTGGCCTCGGCTGGGCGGCGACCAGCGGTTTCAGAGCTTGTGGGAGGAGCCAACTCCCTCCTTCTCCAGGGCCTTGGCTCCGTGGGGCGGGCCCGGGAGGAGCGTGGGGAGGAGCCCGGGCTGCGGCGGCAGCGTCAGAGTGGTGCTCCCGCTGTCCAGAGGCTCAGACCTAGCTCGGGAGCCTAAGATTTAGCACCGGAGGCTCCTTTCCCGGGCTGAGGCTGCAGGACCATGGCGGACAAGGAAGCTGGCGGTGGAGACGCCGG,28.875
Hspa2,GAGACGCGCTGGGAAGGGGGAGGGGTACTGACTCGTACCCGCCCAACTTCGCAGTCCCCGCCCTGGAACCGCCCCTCACCCAGCCCCAGTCCCCGCTACAGGAACAGCAGGGGCAGGGAAGGCGAGAACCGATCCCAGCCGTTCTGTATTCGATGCAACCGCCCTAGAAGGAATTCGGGCCCCGGGAGCCGAGTCAGTGGCGGCACCCGACACCGAACGGTACAGAAACCCTTTCGGAGGCCAGCGCCCCTTCCGTGCTGCCTCCGCGCGCCCCGCCCCGCGCCTCCCTGCCACACGCTTCGGATTCTGCGCTGCTCATTGGGCATCTGCCCCGCCAATCTGAAAGATGTTAGCGAATCACGCTTTAGAAAAGGCAAAGAGAACGGGAAAGGGGGCTTTCACACTGGCTCCCCTGGCGCGAGCTTAACGCCCCCAAAGCGGCTGGAGGCACTGGGCGGGGCTTCATTTGCATAACGGCCGCCCCTTGGTCTCCCTGCCCAAGGCTGGCGTCAAGCGCCTCACCCAACTAGATATCAGTTGGACCACCGGCTGGTCACTCCGACCAGGCAAGCCTGTGGGAGCGCCGGACGGGTTGGAGCG,-126.5
Hspb11,GACCTGGCGCCGCGGGACTGAGGTACCAGCAGGGAGGGGTGGGGGGGGAAAAGAACTCGGCTGGGTAGGCGCGCGTGCGCGGGGCCGGCATGAGGGGCGTGGTCTGATCTGGAGTGGGCGGGGCATGTGGCGGGGCGGGGCCGGGAGTGGGTTGGGACAGCCGAGCTGAGAAAGCCGGGCGGTCGCAGGAAGGGTGAAAGGGGCGGGGCGGGGCCGTGCGTGTGCGTGCCCGCGCGAGGGCATGTCCCCCGAGATCTCTTGGAGGCCCCCCCACCTCCCCGAGGCAATGCAATGTAAAGGTAGTCCTGAGGAAAGACGCGCAAGTGAGGTGGCGCTTCTAGGCGGAGCCCCTGCCAGGAGAGGGCGGGGCGGGGCTGCGCAGGGCGCGCGCCTGGGAACTCCTCTGAGGCTGAGGCGGGGCGGGAGCGAAGCGAAGCGAGGCGGGGCGGGGCCAGGGCCGGGCGGGGCGTGACGGGCGGGGATCGCGAGCGGACCCGGTCCTTTCGCGGAGCTACCCAAGGCCCAGGCGAGCGGGTCCGTGCAGCACGGTGGGCGGGCACCGAAGAGGTGGGAGCCCGGTGGCGAGGCCGGCGGAGGGTT,-111.33333333333333
Hspa13,ACAAAACGAAACAAAAAACAAAAACAAACAAACAAAAAAACCGGAAGTTTGAATTCCCCGCCTGCCTGGCAACGCAACCCACCTCGGAATCTTAATTGGTTTTATCCTCTTTATGCCTTCCAAGCTCTGGACAGTCCAGAACTGCAGTTCCCACAATACAACGCGGTGAGGCGGGGCTACAGGGACTTTTTTTTTTTTTTTTTTTTTTTTTTTTTAACCGCGAGTAAGCTCGCAGCGTTTTGGGTTTGATGAATGACAAACTCTGGCCTTTCCCAGACGCTGCTCCCACAACAAAGCCTGGTTTGTTGGGCCTTCGTGCGTGGGGAGGCCGAGTCTTCCCTCACTGGCCTGAGTAAAATCCGCCCCGCGGCCTCATGGTAGATGGAGTCATTGCTGTGGTGGAAATCGTAGTTCCTCCGGCTAATTCGGAGCCGACGGACTACATTTCCCAGGAGGCTGCGCGACAGCCGGCGACTAGGGGGCGGTGCCTCCCATCGGTACAGTCATCCTTCTGCCTGTTCGGCGGGACTGATGGCCGGAGAGATGACGATCTTAGGTCAGTATCTCAGGGGTCCCTGCAACTATGGAAGTCGACGGGGA,-126.0
Hspa2,CGAGTCAGTGGCGGCACCCGACACCGAACGGTACAGAAACCCTTTCGGAGGCCAGCGCCCCTTCCGTGCTGCCTCCGCGCGCCCCGCCCCGCGCCTCCCTGCCACACGCTTCGGATTCTGCGCTGCTCATTGGGCATCTGCCCCGCCAATCTGAAAGATGTTAGCGAATCACGCTTTAGAAAAGGCAAAGAGAACGGGAAAGGGGGCTTTCACACTGGCTCCCCTGGCGCGAGCTTAACGCCCCCAAAGCGGCTGGAGGCACTGGGCGGGGCTTCATTTGCATAACGGCCGCCCCTTGGTCTCCCTGCCCAAGGCTGGCGTCAAGCGCCTCACCCAACTAGATATCAGTTGGACCACCGGCTGGTCACTCCGACCAGGCAAGCCTGTGGGAGCGCCGGACGGGTTGGAGCGGGCGGGCCCGGGGACCGATTGGCTCTGAGAGTTTCCAGCAGGCAGGGAGGAGGGGACTATAAGAACCAGAAGCCCCGTAGAGGTCTCCGGGAGACGCTAGTCGCGCTCGTGGAGAGTTGTGAGAAGCGACCGTTGGCTCAGGTCCCGGCTTGCGCTTGCCTCTCCTGACGCTTTCGTCCTAACGTTGCT,-126.5
Hspbap1,CTTGTTCAGGATAGAATTAGAGCACAGCCCTGCTGAGGCGCTGGCTCAGTGGTAAGATGACTGCGGCACGAACATGATGACTTACGGTCAGTGCGCAGCAACATGTGGAAAAGGCAGGCGTAGTGCCCTTCTGTAACTCAGGGACAGAGGACAGAGGAGACATGAGGGTCCCAGGAGCTCATCCTGACAGTCTATCCAGTCAGAGCACTATGTTCAGAGAGAGATCTTGTCTCAAAAAGTAAGGTGACTCACCATTGTGGTGAGGGGCCACTAATCTCAGCACTTGGAGGTAGAGGCGGGAGGAACTTTATGAGTTTGAGGCCAGTCTGGTCTCCATAGCAAGTTCCAGGACAGCCAATAAAGTTATATAATCAGACCATGTCTCCAAACCCCAGGGGGAAAAGAGGAATTAAGACAGTGAATGATGAGAAAGACAGACGTGGCAGCGGCGGCCTCTCGCCTCAACACGTGCACATGCATCTGCATGATGTGTAGAAACACACATTACAGACACACCACACACATACGTACATACAAGATGAAATAGGATAAAGAGTATTCCGGTTAGCTTCAGGGTCAGTGATAAGCAAGCTTTGCTGT,0.0
