,Sequence_ID,Length,GC_Content,EcoRI_Sites,RNA (first 50 bases),Protein,Codon usage frequencies
0,I_dna_sm:chromosome,230218,0.39270170012770506,"[2612, 2663, 6853, 10285, 10486, 14009, 17591, 23024, 23379, 30907, 32731, 36602, 46374, 48173, 48875, 49399, 50336, 50440, 54701, 55560]",ccacaccacacccacacacccacacaccacaccacacaccacaccacacc,PHHTHTPTHHTTHHTTPTHTHPNTTLTQP*SNPGQPVSQLTLHYPASTRY,76739.33333333333
1,II_dna_sm:chromosome,813184,0.38341015071619705,"[3820, 11218, 14347, 16604, 17323, 25320, 36481, 39758, 39935, 40149, 49294, 50039, 50402, 53436, 55532, 56610, 56741, 58391, 62254, 65754]",AAAUAGCCCUCAUGUACGUCUCCUCCAAGCCCUGUUGUCUCUUACCCGGA,K*PSCTSPPSPVVSYPDVQPKATYYLYFMFTFYRLSFYPTSSHLSLATAV,271061.3333333333
2,III_dna_sm:chromosome,316620,0.3853231002463521,"[1552, 2052, 6582, 11305, 16725, 17579, 18068, 21848, 33343, 34108, 36591, 42445, 53138, 54001, 55999, 56135, 57129, 60659, 64896, 67612]",cccacacaccacacccacaccacacccacacaccacacacaccacaccca,PTHHTHTTPTHHTHHTHTPTPHHTHTTPTHPHPHTTPTHTTPTHTHTHTP,105540.0
3,IV_dna_sm:chromosome,1531933,0.37906422800474954,"[14871, 23380, 27880, 30112, 32351, 33664, 35400, 37389, 37760, 38837, 40636, 40922, 42814, 43423, 44804, 45099, 45449, 52716, 53400, 53923]",acaccacacccacaccacacccacacacaccacacccacacaccacaccc,TPHPHHTHTHHTHTPHPHPHTHTHTPHTTPHHTHTHTTPTPTHHTHTHTP,510644.3333333333
4,V_dna_sm:chromosome,576874,0.3850736902685855,"[3466, 11523, 11973, 13771, 17190, 21009, 21545, 24159, 32790, 37037, 38706, 40116, 41706, 41808, 45329, 46172, 46288, 50567, 53061, 54760]",CGUCUCCUCCAAGCCCUGUUGUCUCUUACCCGGAUGUUCAACCAAAAGCU,RLLQALLSLTRMFNQKLLTTFILCLLFIDCLFILLFPTCLSLLPCNKH*I,192291.33333333334
5,VI_dna_sm:chromosome,270161,0.38728758036874306,"[2656, 11370, 13275, 16431, 21325, 37383, 38108, 38343, 40663, 40774, 43878, 43941, 44376, 51847, 55938, 57555, 59247, 60484, 63138, 63482]",GAUCUCGCAAGUGCAUUCCUAGACUUAAUUCAUAUCUGCUCCUCAACUGU,DLASAFLDLIHICSSTVDDAC*TAA*RTADPAVQRSSWNANAEKLQLSRA,90053.66666666667
6,VII_dna_sm:chromosome,1090940,0.38061396593763175,"[2926, 3489, 3771, 7148, 7209, 9155, 10429, 14079, 16758, 21211, 21654, 21795, 22722, 26664, 28726, 32199, 34916, 39774, 40971, 47387]",ccacacccacacacaccacacccacacccacacacuacccUAACACUACC,PHPHTPHPHPHTTLTLP*PYSNPDQPSHNLPSITLPPHSLPCSIPFYNSN,363646.6666666667
7,VIII_dna_sm:chromosome,562643,0.38495102578366747,"[3352, 6462, 11145, 14081, 22020, 23396, 24887, 32053, 33896, 42736, 44582, 47938, 58299, 58726, 61299, 63201, 68253, 68561, 71245, 71516]",cccacacacaccacacccacacaccacacccacacUUUUCACAUCUACCU,PTHTTPTHHTHTFHIYLYSRCHSLPGFLTEIKKKKMKMKPCSLALQHFYI,187547.66666666666
8,IX_dna_sm:chromosome,439888,0.3890217509911614,"[3790, 9652, 10496, 11559, 13398, 13691, 16866, 24992, 28896, 36447, 36479, 40814, 43061, 50074, 52498, 58687, 63516, 64580, 66521, 67262]",cacacacaccacacccacaccacaccacaccacacccacacccacacaca,HTHHTHTTPHHTHTHTHHTHTPHPHQLSLIYLYSRCHTLPGFLTEIKKNE,146629.33333333334
9,X_dna_sm:chromosome,745751,0.3837326399830506,"[3773, 9635, 10479, 11542, 13381, 13674, 16849, 24021, 27583, 31447, 47684, 51117, 52753, 56726, 58334, 59676, 64690, 64930, 68126, 71964]",cccacacacacaccacacccacacccacacacaccacacccacacaccac,PTHTPHPHPHTPHPHTTPTPTLSHLPLLALSHLTRLSDRN*KK*K*NPVL,248583.66666666666
10,XI_dna_sm:chromosome,666816,0.38069422449371343,"[2677, 2738, 4496, 11401, 14360, 19615, 25579, 29337, 32969, 35977, 45677, 47407, 49737, 50198, 51375, 57702, 58578, 58861, 59281, 65660]",caccacacccacacaccacacccacacacacaccacacccacacaccaca,HHTHTPHPHTHHTHTPHPHTTPTTLTLF*SNPDQPVSKPTLTLPYLSTRY,222272.0
11,XII_dna_sm:chromosome,1078177,0.3847633551819414,"[3619, 9154, 23187, 24319, 25329, 25722, 26154, 31578, 32463, 38748, 40747, 42221, 44110, 44171, 54896, 58791, 60365, 60749, 65351, 65425]",cacacacacacaccacccacacaccacaccacacaccacaccacacacca,HTHTPPTHHTTHHTTHHTTPTHPHTLFTSTSTLAVIPYPAF*PKLKKK*K,359392.3333333333
12,XIII_dna_sm:chromosome,924431,0.3820360848997924,"[3495, 12030, 12168, 18382, 22588, 22877, 31133, 31930, 31937, 35102, 35309, 40582, 43220, 43425, 44507, 44756, 49889, 50688, 53251, 54751]",ccacacacacaccacacccacaccacacccacacccacacccacacccac,PHTHHTHTTPTPTPTPTLFTSIFTLAVTPYPAF*PKLKKKNENETLFFSP,308143.6666666667
13,XIV_dna_sm:chromosome,784333,0.386379254729815,"[3402, 13274, 15178, 18008, 20484, 23331, 28368, 29089, 29344, 30084, 38324, 39431, 39735, 41868, 44899, 49033, 50607, 51243, 57524, 58221]",CCGGCUUUCUGACCGAAAUUaaaaaaaaaaaaUGAAAAUGAAACCCUGUU,PAF*PKLKKKNENETLFFSPTALLHSPK*P*IALMYVSSKPCCLLPGCST,261444.33333333334
14,XV_dna_sm:chromosome,1091291,0.38160215744471454,"[2807, 6120, 15140, 15312, 18145, 18239, 19435, 22607, 30414, 35777, 38200, 41618, 42342, 43317, 44011, 44984, 46263, 50183, 51308, 57509]",acaccacacccacaccacacccacacccacacaccacacccacacacaca,TPHPHHTHTHTPHPHTHTHHTHTHPHTTPHPHTTHTHTTLP*SNPVQPVS,363763.6666666667
15,XVI_dna_sm:chromosome,948066,0.380644385517464,"[3311, 10362, 13431, 16495, 21070, 22086, 24746, 27893, 29118, 31131, 33087, 33362, 33892, 34121, 38554, 48521, 51690, 60176, 60384, 77116]",AAAUAGCCCUCAUGUACGUCUCCUCCAAGCCCUGUUGUCUCUUACCCGGA,K*PSCTSPPSPVVSYPDVQPKATYYLYFMFTFYRLSFYPTLSHLSLATAV,316022.0
16,Mito_dna_sm:chromosome,85779,0.17109082642604834,"[16725, 17672, 17761, 26413, 26640, 29184, 40988, 44707, 80962, 81839]",UUCauaauuaauuuuuuauauauauauuauauuauaauauuaauuuauau,FIINFLYIYYIIILIYIIKIIFIIKIFILLSGFRLPWPGPGIIN***III,28593.0
